id,longitude,biosample,latitude,accession,sample-desc,environment-biome,environment-feature,environment-material,sample-name,sample-alias,last-update,project name,geographic location (longitude),collection date,environment (biome),environment (feature),environment (material),sequencing method,geographic location (latitude),ENA checklist,study
ERS5150811,14.34,SAMEA7392422,40.8,ERS5150811,surface water sample from the Tyrrhenian Sea,marine biome [ENVO:00000447],microbial community [PCO:1000004],sea water [ENVO:00002149],32513:f016dd88-3b2f-48a1-b740-b5a51edf1232,32513:f016dd88-3b2f-48a1-b740-b5a51edf1232,2024-03-01T18:29:37,Ocean Sampling Day,14.34,2018-06-21T10:40:00Z/2018-06-21T17:30:00Z,marine biome [ENVO:00000447],microbial community [PCO:1000004],sea water [ENVO:00002149],Illumina MiSeq,40.8,ERC000027,MGYS00006608
ERS5150815,-3.89,SAMEA7392426,48.67,ERS5150815,surface water sample from the English Channel,estuarine biome [ENVO:01000020],microbial community [PCO:1000004],sea water [ENVO:00002149],32509:f016dd88-3b2f-48a1-b740-b5a51edf1232,32509:f016dd88-3b2f-48a1-b740-b5a51edf1232,2024-03-01T18:29:22,Ocean Sampling Day,-3.89,2018-06-21T11:40:00Z/2018-06-21T11:46:00Z,estuarine biome [ENVO:01000020],microbial community [PCO:1000004],sea water [ENVO:00002149],Illumina MiSeq,48.67,ERC000027,MGYS00006608
ERS5150818,-9.31,SAMEA7392429,53.24,ERS5150818,surface water sample from the North Atlantic Ocean,marine biome [ENVO:00000447],microbial community [PCO:1000004],sea water [ENVO:00002149],32506:f016dd88-3b2f-48a1-b740-b5a51edf1232,32506:f016dd88-3b2f-48a1-b740-b5a51edf1232,2024-03-01T18:29:06,Ocean Sampling Day,-9.31,2018-06-21T12:12:00Z/2018-06-21T12:22:00Z,marine biome [ENVO:00000447],microbial community [PCO:1000004],sea water [ENVO:00002149],Illumina MiSeq,53.24,ERC000011,MGYS00006608
ERS5150819,-60.0,SAMEA7392430,43.94,ERS5150819,surface water sample from the Northwest Atlantic Ocean,neritic epipelagic zone biome [ENVO:01000042],microbial community [PCO:1000004],sea water [ENVO:00002149],32505:f016dd88-3b2f-48a1-b740-b5a51edf1232,32505:f016dd88-3b2f-48a1-b740-b5a51edf1232,2024-03-01T18:28:50,Ocean Sampling Day,-60.0,2018-06-21T13:15:00Z/2018-06-21T19:35:00Z,neritic epipelagic zone biome [ENVO:01000042],microbial community [PCO:1000004],sea water [ENVO:00002149],Illumina MiSeq,43.94,ERC000027,MGYS00006608
ERS5150823,12.58,SAMEA7392434,55.73,ERS5150823,surface water sample from the Baltic Sea,marine biome [ENVO:00000447],microbial community [PCO:1000004],sea water [ENVO:00002149],32501:f016dd88-3b2f-48a1-b740-b5a51edf1232,32501:f016dd88-3b2f-48a1-b740-b5a51edf1232,2024-03-01T18:28:34,Ocean Sampling Day,12.58,2018-06-21T10:44:00Z/2018-06-21T10:47:00Z,marine biome [ENVO:00000447],microbial community [PCO:1000004],sea water [ENVO:00002149],Illumina MiSeq,55.73,ERC000027,MGYS00006608
ERS5150824,3.0,SAMEA7392435,42.97,ERS5150824,surface water sample from the Coastal Lagoon in Languedoc-Roussillon,coastal wetland ecosystem [ENVO:00000230],microbial community [PCO:1000004],sea water [ENVO:00002149],32500:f016dd88-3b2f-48a1-b740-b5a51edf1232,32500:f016dd88-3b2f-48a1-b740-b5a51edf1232,2024-03-01T18:28:19,Ocean Sampling Day,3.0,2018-06-21T08:30:00Z/2018-06-21T08:45:00Z,coastal wetland ecosystem [ENVO:00000230],microbial community [PCO:1000004],sea water [ENVO:00002149],Illumina MiSeq,42.97,ERC000027,MGYS00006608
ERS5150829,2.35,SAMEA7392440,51.46,ERS5150829,surface water sample from the North Sea,marine biome [ENVO:00000447],microbial community [PCO:1000004],sea water [ENVO:00002149],32495:f016dd88-3b2f-48a1-b740-b5a51edf1232,32495:f016dd88-3b2f-48a1-b740-b5a51edf1232,2024-03-01T18:27:59,Ocean Sampling Day,2.35,2018-06-26T01:27:04Z/2018-06-26T01:27:04Z,marine biome [ENVO:00000447],microbial community [PCO:1000004],sea water [ENVO:00002149],Illumina MiSeq,51.46,ERC000027,MGYS00006608
ERS5150836,2.85,SAMEA7392447,51.31,ERS5150836,surface water sample from the North Sea,marine biome [ENVO:00000447],microbial community [PCO:1000004],sea water [ENVO:00002149],32488:f016dd88-3b2f-48a1-b740-b5a51edf1232,32488:f016dd88-3b2f-48a1-b740-b5a51edf1232,2024-03-01T18:27:43,Ocean Sampling Day,2.85,2018-06-20T07:47:03Z/2018-06-20T07:51:28Z,marine biome [ENVO:00000447],microbial community [PCO:1000004],sea water [ENVO:00002149],Illumina MiSeq,51.31,ERC000027,MGYS00006608
ERS5150838,-4.55,SAMEA7392449,48.36,ERS5150838,surface water sample from the Atlantic Ocean,marine biome [ENVO:00000447],microbial community [PCO:1000004],sea water [ENVO:00002149],32486:f016dd88-3b2f-48a1-b740-b5a51edf1232,32486:f016dd88-3b2f-48a1-b740-b5a51edf1232,2024-03-01T18:27:28,Ocean Sampling Day,-4.55,not provided,marine biome [ENVO:00000447],microbial community [PCO:1000004],sea water [ENVO:00002149],Illumina MiSeq,48.36,ERC000011,MGYS00006608
ERS5150841,5.12,SAMEA7392452,60.16,ERS5150841,surface water sample from the Coastal Northern Atlantic Water,marine pelagic biome [ENVO:01000023],microbial community [PCO:1000004],sea water [ENVO:00002149],32483:f016dd88-3b2f-48a1-b740-b5a51edf1232,32483:f016dd88-3b2f-48a1-b740-b5a51edf1232,2024-03-01T18:27:14,Ocean Sampling Day,5.12,2018-06-21T10:30:00Z/2018-06-21T11:00:00Z,marine pelagic biome [ENVO:01000023],microbial community [PCO:1000004],sea water [ENVO:00002149],Illumina MiSeq,60.16,ERC000027,MGYS00006608
ERS5150851,12.44,SAMEA7392462,45.41,ERS5150851,surface water sample from the Adriatic Sea,mediterranean sea biome [ENVO:01000047],microbial community [PCO:1000004],sea water [ENVO:00002149],32473:f016dd88-3b2f-48a1-b740-b5a51edf1232,32473:f016dd88-3b2f-48a1-b740-b5a51edf1232,2024-03-01T18:26:57,Ocean Sampling Day,12.44,2018-06-21T07:01:00Z/2018-06-21T07:02:00Z,mediterranean sea biome [ENVO:01000047],microbial community [PCO:1000004],sea water [ENVO:00002149],Illumina MiSeq,45.41,ERC000011,MGYS00006608
ERS5150854,-79.19,SAMEA7392465,32.33,ERS5150854,surface water sample from the North Inlet in N. Atlantic,marine biome [ENVO:00000447],microbial community [PCO:1000004],sea water [ENVO:00002149],32470:f016dd88-3b2f-48a1-b740-b5a51edf1232,32470:f016dd88-3b2f-48a1-b740-b5a51edf1232,2024-03-01T18:26:41,Ocean Sampling Day,-79.19,2018-06-21T14:20:00Z/2018-06-21T14:35:00Z,marine biome [ENVO:00000447],microbial community [PCO:1000004],sea water [ENVO:00002149],Illumina MiSeq,32.33,ERC000027,MGYS00006608
ERS5150858,12.42,SAMEA7392469,45.5,ERS5150858,surface water sample from the Adriatic Sea,lagoon [ENVO:00000038],microbial community [PCO:1000004],sea water [ENVO:00002149],32466:f016dd88-3b2f-48a1-b740-b5a51edf1232,32466:f016dd88-3b2f-48a1-b740-b5a51edf1232,2024-03-01T18:26:27,Ocean Sampling Day,12.42,2018-06-21T10:47:00Z/2018-06-21T10:48:00Z,lagoon [ENVO:00000038],microbial community [PCO:1000004],sea water [ENVO:00002149],Illumina MiSeq,45.5,ERC000011,MGYS00006608
ERS5150865,33.3,SAMEA7392476,35.36,ERS5150865,water sample from the Cilician Basin,marine biome [ENVO:00000447],microbial community [PCO:1000004],sea water [ENVO:00002149],32459:f016dd88-3b2f-48a1-b740-b5a51edf1232,32459:f016dd88-3b2f-48a1-b740-b5a51edf1232,2024-03-01T18:26:12,Ocean Sampling Day,33.3,2018-06-25T09:45:00Z/2018-06-25T10:35:00Z,marine biome [ENVO:00000447],microbial community [PCO:1000004],sea water [ENVO:00002149],Illumina MiSeq,35.36,ERC000027,MGYS00006608
ERS5150866,2.81,SAMEA7392477,51.43,ERS5150866,surface water sample from the North Sea,marine biome [ENVO:00000447],microbial community [PCO:1000004],sea water [ENVO:00002149],32458:f016dd88-3b2f-48a1-b740-b5a51edf1232,32458:f016dd88-3b2f-48a1-b740-b5a51edf1232,2024-03-01T18:25:54,Ocean Sampling Day,2.81,2018-06-20T08:46:08Z/2018-06-20T08:51:08Z,marine biome [ENVO:00000447],microbial community [PCO:1000004],sea water [ENVO:00002149],Illumina MiSeq,51.43,ERC000027,MGYS00006608
ERS5150828,2.7,SAMEA7392439,51.75,ERS5150828,surface water sample from the North Sea,marine biome [ENVO:00000447],microbial community [PCO:1000004],sea water [ENVO:00002149],32496:f016dd88-3b2f-48a1-b740-b5a51edf1232,32496:f016dd88-3b2f-48a1-b740-b5a51edf1232,2024-03-01T18:25:39,Ocean Sampling Day,2.7,2018-06-25T21:10:44Z/2018-06-25T21:10:49Z,marine biome [ENVO:00000447],microbial community [PCO:1000004],sea water [ENVO:00002149],Illumina MiSeq,51.75,ERC000027,MGYS00006608
ERS5150832,2.79,SAMEA7392443,51.58,ERS5150832,surface water sample from the North Sea,marine biome [ENVO:00000447],microbial community [PCO:1000004],sea water [ENVO:00002149],32492:f016dd88-3b2f-48a1-b740-b5a51edf1232,32492:f016dd88-3b2f-48a1-b740-b5a51edf1232,2024-03-01T18:25:24,Ocean Sampling Day,2.79,2018-06-25T10:42:51Z/2018-06-25T10:42:51Z,marine biome [ENVO:00000447],microbial community [PCO:1000004],sea water [ENVO:00002149],Illumina MiSeq,51.58,ERC000027,MGYS00006608
ERS5150833,2.7,SAMEA7392444,51.18,ERS5150833,surface water sample from the North Sea,marine biome [ENVO:00000447],microbial community [PCO:1000004],sea water [ENVO:00002149],32491:f016dd88-3b2f-48a1-b740-b5a51edf1232,32491:f016dd88-3b2f-48a1-b740-b5a51edf1232,2024-03-01T18:25:10,Ocean Sampling Day,2.7,2018-06-20T12:59:23Z/2018-06-20T13:02:03Z,marine biome [ENVO:00000447],microbial community [PCO:1000004],sea water [ENVO:00002149],Illumina MiSeq,51.18,ERC000027,MGYS00006608
ERS5150842,34.93,SAMEA7392453,29.47,ERS5150842,surface water sample from the Gulf of Aqaba,marine pelagic biome [ENVO:01000023],microbial community [PCO:1000004],sea water [ENVO:00002149],32482:f016dd88-3b2f-48a1-b740-b5a51edf1232,32482:f016dd88-3b2f-48a1-b740-b5a51edf1232,2024-03-01T18:24:53,Ocean Sampling Day,34.93,2018-06-21T08:01:00Z/2018-06-21T12:34:00Z,marine pelagic biome [ENVO:01000023],microbial community [PCO:1000004],sea water [ENVO:00002149],Illumina MiSeq,29.47,ERC000027,MGYS00006608
ERS5150845,-8.48,SAMEA7392456,33.25,ERS5150845,surface water sample from the Atlantic Ocean,marine biome [ENVO:00000447],microbial community [PCO:1000004],sea water [ENVO:00002149],32479:f016dd88-3b2f-48a1-b740-b5a51edf1232,32479:f016dd88-3b2f-48a1-b740-b5a51edf1232,2024-03-01T18:24:37,Ocean Sampling Day,-8.48,2018-06-21T12:00:00Z/2018-06-21T13:05:00Z,marine biome [ENVO:00000447],microbial community [PCO:1000004],sea water [ENVO:00002149],Illumina MiSeq,33.25,ERC000011,MGYS00006608
ERS5150846,-9.04,SAMEA7392457,32.74,ERS5150846,surface water sample from the Atlantic Ocean,marine biome [ENVO:00000447],microbial community [PCO:1000004],sea water [ENVO:00002149],32478:f016dd88-3b2f-48a1-b740-b5a51edf1232,32478:f016dd88-3b2f-48a1-b740-b5a51edf1232,2024-03-01T18:24:23,Ocean Sampling Day,-9.04,2018-06-21T10:15:00Z/2018-06-21T11:05:00Z,marine biome [ENVO:00000447],microbial community [PCO:1000004],sea water [ENVO:00002149],Illumina MiSeq,32.74,ERC000011,MGYS00006608
ERS5150850,-8.67,SAMEA7392461,41.14,ERS5150850,surface water sample from the NE Atlantic,estuarine biome [ENVO:01000020],microbial community [PCO:1000004],sea water [ENVO:00002149],32474:f016dd88-3b2f-48a1-b740-b5a51edf1232,32474:f016dd88-3b2f-48a1-b740-b5a51edf1232,2024-03-01T18:24:06,Ocean Sampling Day,-8.67,2018-06-22T11:15:00Z/2018-06-22T11:40:00Z,estuarine biome [ENVO:01000020],microbial community [PCO:1000004],sea water [ENVO:00002149],Illumina MiSeq,41.14,ERC000027,MGYS00006608
ERS5150852,12.26,SAMEA7392463,45.46,ERS5150852,surface water sample from the Adriatic Sea,lagoon [ENVO:00000038],microbial community [PCO:1000004],sea water [ENVO:00002149],32472:f016dd88-3b2f-48a1-b740-b5a51edf1232,32472:f016dd88-3b2f-48a1-b740-b5a51edf1232,2024-03-01T18:23:49,Ocean Sampling Day,12.26,2018-06-21T13:35:00Z/2018-06-21T13:36:00Z,lagoon [ENVO:00000038],microbial community [PCO:1000004],sea water [ENVO:00002149],Illumina MiSeq,45.46,ERC000011,MGYS00006608
ERS5150862,-5.75,SAMEA7392473,35.82,ERS5150862,surface water sample from the Mediterranean Sea,marine biome [ENVO:00000447],microbial community [PCO:1000004],sea water [ENVO:00002149],32462:f016dd88-3b2f-48a1-b740-b5a51edf1232,32462:f016dd88-3b2f-48a1-b740-b5a51edf1232,2024-03-01T18:23:32,Ocean Sampling Day,-5.75,2018-06-21T10:45:00Z/2018-06-21T11:30:00Z,marine biome [ENVO:00000447],microbial community [PCO:1000004],sea water [ENVO:00002149],Illumina MiSeq,35.82,ERC000011,MGYS00006608
ERS5150869,24.99,SAMEA7392480,35.66,ERS5150869,surface water sample from the Cretan Sea,marine biome [ENVO:00000447],microbial community [PCO:1000004],sea water [ENVO:00002149],32455:f016dd88-3b2f-48a1-b740-b5a51edf1232,32455:f016dd88-3b2f-48a1-b740-b5a51edf1232,2024-03-01T18:23:17,Ocean Sampling Day,24.99,2018-06-21T09:00:00Z/2018-06-21T17:00:00Z,marine biome [ENVO:00000447],microbial community [PCO:1000004],sea water [ENVO:00002149],Illumina MiSeq,35.66,ERC000011,MGYS00006608
ERS5150870,14.25,SAMEA7392481,40.81,ERS5150870,surface water sample from the Tyrrhenian Sea,marine biome [ENVO:00000447],microbial community [PCO:1000004],sea water [ENVO:00002149],32454:f016dd88-3b2f-48a1-b740-b5a51edf1232,32454:f016dd88-3b2f-48a1-b740-b5a51edf1232,2024-03-01T18:23:03,Ocean Sampling Day,14.25,2018-06-21T13:00:00Z/2018-06-21T14:00:00Z,marine biome [ENVO:00000447],microbial community [PCO:1000004],sea water [ENVO:00002149],Illumina MiSeq,40.81,ERC000027,MGYS00006608
ERS5150810,15.57,SAMEA7392421,38.2,ERS5150810,surface water sample from the Straits of Messina,marine biome [ENVO:00000447],microbial community [PCO:1000004],sea water [ENVO:00002149],32514:f016dd88-3b2f-48a1-b740-b5a51edf1232,32514:f016dd88-3b2f-48a1-b740-b5a51edf1232,2024-03-01T18:22:44,Ocean Sampling Day,15.57,2018-06-21T11:00:00Z/2018-06-21T12:00:00Z,marine biome [ENVO:00000447],microbial community [PCO:1000004],sea water [ENVO:00002149],Illumina MiSeq,38.2,ERC000011,MGYS00006608
ERS5150820,-63.52,SAMEA7392431,44.5,ERS5150820,surface water sample from the Northwest Atlantic Ocean,neritic epipelagic zone biome [ENVO:01000042],microbial community [PCO:1000004],sea water [ENVO:00002149],32504:f016dd88-3b2f-48a1-b740-b5a51edf1232,32504:f016dd88-3b2f-48a1-b740-b5a51edf1232,2024-03-01T18:22:28,Ocean Sampling Day,-63.52,2018-06-21T13:45:00Z/2018-06-21T16:05:00Z,neritic epipelagic zone biome [ENVO:01000042],microbial community [PCO:1000004],sea water [ENVO:00002149],Illumina MiSeq,44.5,ERC000027,MGYS00006608
ERS5150825,3.08,SAMEA7392436,43.11,ERS5150825,surface water sample from the Coastal Lagoon in Languedoc-Roussillon,coastal wetland ecosystem [ENVO:00000230],microbial community [PCO:1000004],sea water [ENVO:00002149],32499:f016dd88-3b2f-48a1-b740-b5a51edf1232,32499:f016dd88-3b2f-48a1-b740-b5a51edf1232,2024-03-01T18:22:14,Ocean Sampling Day,3.08,2018-06-21T07:30:00Z/2018-06-21T07:45:00Z,coastal wetland ecosystem [ENVO:00000230],microbial community [PCO:1000004],sea water [ENVO:00002149],Illumina MiSeq,43.11,ERC000027,MGYS00006608
ERS5150847,-1.31,SAMEA7392458,46.08,ERS5150847,surface water sample from the Atlantic Ocean,marine biome [ENVO:00000447],microbial community [PCO:1000004],sea water [ENVO:00002149],32477:f016dd88-3b2f-48a1-b740-b5a51edf1232,32477:f016dd88-3b2f-48a1-b740-b5a51edf1232,2024-03-01T18:21:42,Ocean Sampling Day,-1.31,2018-06-20T08:30:00Z/2018-06-20T09:45:00Z,marine biome [ENVO:00000447],microbial community [PCO:1000004],sea water [ENVO:00002149],Illumina MiSeq,46.08,ERC000011,MGYS00006608
ERS5150856,-69.64,SAMEA7392467,43.84,ERS5150856,surface water sample from the Gulf of Maine,marine biome [ENVO:00000447],microbial community [PCO:1000004],sea water [ENVO:00002149],32468:f016dd88-3b2f-48a1-b740-b5a51edf1232,32468:f016dd88-3b2f-48a1-b740-b5a51edf1232,2024-03-01T18:21:27,Ocean Sampling Day,-69.64,2018-06-21T06:25:00Z/2018-06-21T06:45:00Z,marine biome [ENVO:00000447],microbial community [PCO:1000004],sea water [ENVO:00002149],Illumina MiSeq,43.84,ERC000027,MGYS00006608
ERS5150868,27.9,SAMEA7392479,43.18,ERS5150868,surface water sample from the Black Sea,marine biome [ENVO:00000447],microbial community [PCO:1000004],sea water [ENVO:00002149],32456:f016dd88-3b2f-48a1-b740-b5a51edf1232,32456:f016dd88-3b2f-48a1-b740-b5a51edf1232,2024-03-01T18:21:12,Ocean Sampling Day,27.9,2018-06-21T11:30:00Z/2018-06-21T11:40:00Z,marine biome [ENVO:00000447],microbial community [PCO:1000004],sea water [ENVO:00002149],Illumina MiSeq,43.18,ERC000027,MGYS00006608
ERS5150817,-8.78,SAMEA7392428,42.23,ERS5150817,surface water sample from the Atlantic Ocean,temperate marine upwelling biome [ENVO:01000860],microbial community [PCO:1000004],sea water [ENVO:00002149],32507:f016dd88-3b2f-48a1-b740-b5a51edf1232,32507:f016dd88-3b2f-48a1-b740-b5a51edf1232,2024-03-01T18:20:57,Ocean Sampling Day,-8.78,2018-06-21T09:40:00Z/2018-06-21T12:00:00Z,temperate marine upwelling biome [ENVO:01000860],microbial community [PCO:1000004],sea water [ENVO:00002149],Illumina MiSeq,42.23,ERC000027,MGYS00006608
ERS5150821,13.21,SAMEA7392432,43.76,ERS5150821,surface water sample from the Adriatic Sea,marine biome [ENVO:00000447],microbial community [PCO:1000004],sea water [ENVO:00002149],32503:f016dd88-3b2f-48a1-b740-b5a51edf1232,32503:f016dd88-3b2f-48a1-b740-b5a51edf1232,2024-03-01T18:20:41,Ocean Sampling Day,13.21,2018-06-21T11:00:00Z/2018-06-21T11:00:00Z,marine biome [ENVO:00000447],microbial community [PCO:1000004],sea water [ENVO:00002149],Illumina MiSeq,43.76,ERC000011,MGYS00006608
ERS5150822,-2.85,SAMEA7392433,35.21,ERS5150822,surface water sample from the Mediterranean Sea,marine biome [ENVO:00000447],microbial community [PCO:1000004],sea water [ENVO:00002149],32502:f016dd88-3b2f-48a1-b740-b5a51edf1232,32502:f016dd88-3b2f-48a1-b740-b5a51edf1232,2024-03-01T18:20:25,Ocean Sampling Day,-2.85,not provided,marine biome [ENVO:00000447],microbial community [PCO:1000004],sea water [ENVO:00002149],Illumina MiSeq,35.21,ERC000011,MGYS00006608
ERS5150826,2.45,SAMEA7392437,51.48,ERS5150826,surface water sample from the North Sea,marine biome [ENVO:00000447],microbial community [PCO:1000004],sea water [ENVO:00002149],32498:f016dd88-3b2f-48a1-b740-b5a51edf1232,32498:f016dd88-3b2f-48a1-b740-b5a51edf1232,2024-03-01T18:20:11,Ocean Sampling Day,2.45,2018-06-26T02:04:34Z/2018-06-26T02:04:34Z,marine biome [ENVO:00000447],microbial community [PCO:1000004],sea water [ENVO:00002149],Illumina MiSeq,51.48,ERC000027,MGYS00006608
ERS5150827,2.42,SAMEA7392438,51.68,ERS5150827,surface water sample from the North Sea,marine biome [ENVO:00000447],microbial community [PCO:1000004],sea water [ENVO:00002149],32497:f016dd88-3b2f-48a1-b740-b5a51edf1232,32497:f016dd88-3b2f-48a1-b740-b5a51edf1232,2024-03-01T18:19:55,Ocean Sampling Day,2.42,2018-06-25T23:12:24Z/2018-06-25T23:12:24Z,marine biome [ENVO:00000447],microbial community [PCO:1000004],sea water [ENVO:00002149],Illumina MiSeq,51.68,ERC000027,MGYS00006608
ERS5150830,2.56,SAMEA7392441,51.8,ERS5150830,surface water sample from the North Sea,marine biome [ENVO:00000447],microbial community [PCO:1000004],sea water [ENVO:00002149],32494:f016dd88-3b2f-48a1-b740-b5a51edf1232,32494:f016dd88-3b2f-48a1-b740-b5a51edf1232,2024-03-01T18:19:38,Ocean Sampling Day,2.56,2018-06-25T21:59:09Z/2018-06-25T21:59:30Z,marine biome [ENVO:00000447],microbial community [PCO:1000004],sea water [ENVO:00002149],Illumina MiSeq,51.8,ERC000027,MGYS00006608
ERS5150831,2.26,SAMEA7392442,51.57,ERS5150831,surface water sample from the North Sea,marine biome [ENVO:00000447],microbial community [PCO:1000004],sea water [ENVO:00002149],32493:f016dd88-3b2f-48a1-b740-b5a51edf1232,32493:f016dd88-3b2f-48a1-b740-b5a51edf1232,2024-03-01T18:19:22,Ocean Sampling Day,2.26,2018-06-26T00:31:19Z/2018-06-26T00:31:19Z,marine biome [ENVO:00000447],microbial community [PCO:1000004],sea water [ENVO:00002149],Illumina MiSeq,51.57,ERC000027,MGYS00006608
ERS5150834,2.61,SAMEA7392445,51.28,ERS5150834,surface water sample from the North Sea,marine biome [ENVO:00000447],microbial community [PCO:1000004],sea water [ENVO:00002149],32490:f016dd88-3b2f-48a1-b740-b5a51edf1232,32490:f016dd88-3b2f-48a1-b740-b5a51edf1232,2024-03-01T18:19:08,Ocean Sampling Day,2.61,2018-06-20T11:36:53Z/2018-06-20T11:41:33Z,marine biome [ENVO:00000447],microbial community [PCO:1000004],sea water [ENVO:00002149],Illumina MiSeq,51.28,ERC000027,MGYS00006608
ERS5150835,2.5,SAMEA7392446,51.33,ERS5150835,surface water sample from the North Sea,marine biome [ENVO:00000447],microbial community [PCO:1000004],sea water [ENVO:00002149],32489:f016dd88-3b2f-48a1-b740-b5a51edf1232,32489:f016dd88-3b2f-48a1-b740-b5a51edf1232,2024-03-01T18:18:52,Ocean Sampling Day,2.5,2018-06-20T10:46:48Z/2018-06-20T10:47:33Z,marine biome [ENVO:00000447],microbial community [PCO:1000004],sea water [ENVO:00002149],Illumina MiSeq,51.33,ERC000027,MGYS00006608
ERS5150837,2.91,SAMEA7392448,51.27,ERS5150837,surface water sample from the North Sea,marine biome [ENVO:00000447],microbial community [PCO:1000004],sea water [ENVO:00002149],32487:f016dd88-3b2f-48a1-b740-b5a51edf1232,32487:f016dd88-3b2f-48a1-b740-b5a51edf1232,2024-03-01T18:18:34,Ocean Sampling Day,2.91,2018-06-20T07:05:28Z/2018-06-20T07:11:23Z,marine biome [ENVO:00000447],microbial community [PCO:1000004],sea water [ENVO:00002149],Illumina MiSeq,51.27,ERC000027,MGYS00006608
ERS5150839,-7.98,SAMEA7392450,37.0,ERS5150839,surface water sample from the Cadiz Gulf,marine biome [ENVO:00000447],microbial community [PCO:1000004],sea water [ENVO:00002149],32485:f016dd88-3b2f-48a1-b740-b5a51edf1232,32485:f016dd88-3b2f-48a1-b740-b5a51edf1232,2024-03-01T18:18:18,Ocean Sampling Day,-7.98,2018-06-21T10:28:00Z/2018-06-21T10:33:00Z,marine biome [ENVO:00000447],microbial community [PCO:1000004],sea water [ENVO:00002149],Illumina MiSeq,37.0,ERC000027,MGYS00006608
ERS5150840,-63.64,SAMEA7392451,44.69,ERS5150840,surface water sample from the Bedford Basin,neritic epipelagic zone biome [ENVO:01000042],microbial community [PCO:1000004],sea water [ENVO:00002149],32484:f016dd88-3b2f-48a1-b740-b5a51edf1232,32484:f016dd88-3b2f-48a1-b740-b5a51edf1232,2024-03-01T18:18:02,Ocean Sampling Day,-63.64,2018-06-20T13:00:00Z/2018-06-20T14:00:00Z,neritic epipelagic zone biome [ENVO:01000042],microbial community [PCO:1000004],sea water [ENVO:00002149],Illumina MiSeq,44.69,ERC000027,MGYS00006608
ERS5150843,25.29,SAMEA7392454,35.35,ERS5150843,surface water sample from the Cretan Sea,marine biome [ENVO:00000447],microbial community [PCO:1000004],sea water [ENVO:00002149],32481:f016dd88-3b2f-48a1-b740-b5a51edf1232,32481:f016dd88-3b2f-48a1-b740-b5a51edf1232,2024-03-01T18:17:47,Ocean Sampling Day,25.29,2018-06-21T09:00:00Z/2018-06-21T17:00:00Z,marine biome [ENVO:00000447],microbial community [PCO:1000004],sea water [ENVO:00002149],Illumina MiSeq,35.35,ERC000027,MGYS00006608
ERS5150849,13.6,SAMEA7392460,43.57,ERS5150849,surface water sample from the Adriatic Sea,marine biome [ENVO:00000447],microbial community [PCO:1000004],sea water [ENVO:00002149],32475:f016dd88-3b2f-48a1-b740-b5a51edf1232,32475:f016dd88-3b2f-48a1-b740-b5a51edf1232,2024-03-01T18:17:28,Ocean Sampling Day,13.6,2018-06-21T12:00:00Z/2018-06-21T16:00:00Z,marine biome [ENVO:00000447],microbial community [PCO:1000004],sea water [ENVO:00002149],Illumina MiSeq,43.57,ERC000027,MGYS00006608
ERS5150853,12.51,SAMEA7392464,45.31,ERS5150853,surface water sample from the Adriatic Sea,marine biome [ENVO:00000447],microbial community [PCO:1000004],sea water [ENVO:00002149],32471:f016dd88-3b2f-48a1-b740-b5a51edf1232,32471:f016dd88-3b2f-48a1-b740-b5a51edf1232,2024-03-01T18:17:12,Ocean Sampling Day,12.51,2018-06-21T09:00:00Z/2018-06-21T09:25:00Z,marine biome [ENVO:00000447],microbial community [PCO:1000004],sea water [ENVO:00002149],Illumina MiSeq,45.31,ERC000027,MGYS00006608
ERS5150855,-69.58,SAMEA7392466,43.86,ERS5150855,surface water sample from the Gulf of Maine,marine biome [ENVO:00000447],microbial community [PCO:1000004],sea water [ENVO:00002149],32469:f016dd88-3b2f-48a1-b740-b5a51edf1232,32469:f016dd88-3b2f-48a1-b740-b5a51edf1232,2024-03-01T18:16:58,Ocean Sampling Day,-69.58,2018-06-21T06:04:00Z/2018-06-21T06:35:00Z,marine biome [ENVO:00000447],microbial community [PCO:1000004],sea water [ENVO:00002149],Illumina MiSeq,43.86,ERC000027,MGYS00006608
ERS5150857,12.53,SAMEA7392468,45.41,ERS5150857,surface water sample from the Adriatic Sea,mediterranean sea biome [ENVO:01000047],microbial community [PCO:1000004],sea water [ENVO:00002149],32467:f016dd88-3b2f-48a1-b740-b5a51edf1232,32467:f016dd88-3b2f-48a1-b740-b5a51edf1232,2024-03-01T18:16:44,Ocean Sampling Day,12.53,2018-06-21T07:25:00Z/2018-06-21T07:26:00Z,mediterranean sea biome [ENVO:01000047],microbial community [PCO:1000004],sea water [ENVO:00002149],Illumina MiSeq,45.41,ERC000011,MGYS00006608
ERS5150859,-117.26,SAMEA7392470,32.87,ERS5150859,surface water sample from the Coastal Pacific Ocean,marine biome [ENVO:00000447],microbial community [PCO:1000004],sea water [ENVO:00002149],32465:f016dd88-3b2f-48a1-b740-b5a51edf1232,32465:f016dd88-3b2f-48a1-b740-b5a51edf1232,2024-03-01T18:16:29,Ocean Sampling Day,-117.26,2018-06-21T11:42:00Z/2018-06-21T11:57:00Z,marine biome [ENVO:00000447],microbial community [PCO:1000004],sea water [ENVO:00002149],Illumina MiSeq,32.87,ERC000027,MGYS00006608
ERS5150864,5.29,SAMEA7392475,43.24,ERS5150864,surface water sample from the Bay of Marseille,marine biome [ENVO:00000447],microbial community [PCO:1000004],sea water [ENVO:00002149],32460:f016dd88-3b2f-48a1-b740-b5a51edf1232,32460:f016dd88-3b2f-48a1-b740-b5a51edf1232,2024-03-01T18:16:12,Ocean Sampling Day,5.29,2018-06-20T11:30:00Z/2018-06-20T12:40:00Z,marine biome [ENVO:00000447],microbial community [PCO:1000004],sea water [ENVO:00002149],Illumina MiSeq,43.24,ERC000027,MGYS00006608
ERS5150871,-3.94,SAMEA7392482,48.78,ERS5150871,surface water sample from the Western English Channel,neritic epipelagic zone biome [ENVO:01000042],microbial community [PCO:1000004],sea water [ENVO:00002149],32453:f016dd88-3b2f-48a1-b740-b5a51edf1232,32453:f016dd88-3b2f-48a1-b740-b5a51edf1232,2024-03-01T18:15:57,Ocean Sampling Day,-3.94,2018-06-22T12:45:00Z/2018-06-22T12:55:00Z,neritic epipelagic zone biome [ENVO:01000042],microbial community [PCO:1000004],sea water [ENVO:00002149],Illumina MiSeq,48.78,ERC000027,MGYS00006608
ERS5150872,-4.22,SAMEA7392483,50.25,ERS5150872,surface water sample from the English Channel,marine biome [ENVO:00000447],microbial community [PCO:1000004],sea water [ENVO:00002149],32452:f016dd88-3b2f-48a1-b740-b5a51edf1232,32452:f016dd88-3b2f-48a1-b740-b5a51edf1232,2024-03-01T18:15:42,Ocean Sampling Day,-4.22,2018-06-18T09:45:00Z,marine biome [ENVO:00000447],microbial community [PCO:1000004],sea water [ENVO:00002149],Illumina MiSeq,50.25,ERC000027,MGYS00006608
ERS5150813,24.31,SAMEA7392424,35.55,ERS5150813,surface water sample from the Cretan Sea,marine biome [ENVO:00000447],microbial community [PCO:1000004],sea water [ENVO:00002149],32511:f016dd88-3b2f-48a1-b740-b5a51edf1232,32511:f016dd88-3b2f-48a1-b740-b5a51edf1232,2024-03-01T18:15:28,Ocean Sampling Day,24.31,2018-06-21T09:00:00Z/2018-06-21T17:00:00Z,marine biome [ENVO:00000447],microbial community [PCO:1000004],sea water [ENVO:00002149],Illumina MiSeq,35.55,ERC000011,MGYS00006608
ERS5150814,24.2,SAMEA7392425,35.46,ERS5150814,surface water sample from the Cretan Sea,marine biome [ENVO:00000447],microbial community [PCO:1000004],sea water [ENVO:00002149],32510:f016dd88-3b2f-48a1-b740-b5a51edf1232,32510:f016dd88-3b2f-48a1-b740-b5a51edf1232,2024-03-01T18:15:09,Ocean Sampling Day,24.2,2018-06-21T09:00:00Z/2018-06-21T17:00:00Z,marine biome [ENVO:00000447],microbial community [PCO:1000004],sea water [ENVO:00002149],Illumina MiSeq,35.46,ERC000011,MGYS00006608
ERS5150867,3.14,SAMEA7392478,42.48,ERS5150867,surface water sample from the Coastal Lagoon in Languedoc-Roussillon,marine biome [ENVO:00000447],microbial community [PCO:1000004],sea water [ENVO:00002149],32457:f016dd88-3b2f-48a1-b740-b5a51edf1232,32457:f016dd88-3b2f-48a1-b740-b5a51edf1232,2024-03-01T18:14:54,Ocean Sampling Day,3.14,2018-06-19T07:30:00Z/2018-06-19T07:45:00Z,marine biome [ENVO:00000447],microbial community [PCO:1000004],sea water [ENVO:00002149],Illumina MiSeq,42.48,ERC000027,MGYS00006608
ERS5150860,-79.9,SAMEA7392471,32.75,ERS5150860,surface water sample from the Charleston Harbor,marine biome [ENVO:00000447],microbial community [PCO:1000004],sea water [ENVO:00002149],32464:f016dd88-3b2f-48a1-b740-b5a51edf1232,32464:f016dd88-3b2f-48a1-b740-b5a51edf1232,2024-03-01T18:14:37,Ocean Sampling Day,-79.9,2018-06-21T10:57:00Z/2018-06-21T11:11:00Z,marine biome [ENVO:00000447],microbial community [PCO:1000004],sea water [ENVO:00002149],Illumina MiSeq,32.75,ERC000027,MGYS00006608
ERS5150812,12.48,SAMEA7392423,37.87,ERS5150812,surface water sample from the Mediterranean Sea,marine biome [ENVO:00000447],microbial community [PCO:1000004],sea water [ENVO:00002149],32512:f016dd88-3b2f-48a1-b740-b5a51edf1232,32512:f016dd88-3b2f-48a1-b740-b5a51edf1232,2024-03-01T17:56:36,Ocean Sampling Day,12.48,2018-06-21T10:00:00Z/2018-06-21T12:00:00Z,marine biome [ENVO:00000447],microbial community [PCO:1000004],sea water [ENVO:00002149],Illumina MiSeq,37.87,ERC000011,MGYS00006608
ERS5150863,-2.88,SAMEA7392474,35.19,ERS5150863,surface water sample from the Mediterranean Sea,marine biome [ENVO:00000447],microbial community [PCO:1000004],sea water [ENVO:00002149],32461:f016dd88-3b2f-48a1-b740-b5a51edf1232,32461:f016dd88-3b2f-48a1-b740-b5a51edf1232,2024-03-01T17:53:40,Ocean Sampling Day,-2.88,2018-06-21T10:37:00Z/2018-06-21T11:40:00Z,marine biome [ENVO:00000447],microbial community [PCO:1000004],sea water [ENVO:00002149],Illumina MiSeq,35.19,ERC000027,MGYS00006608
ERS5150816,18.57,SAMEA7392427,54.49,ERS5150816,surface water sample from the Baltic Sea,marginal sea biome [ENVO:01000046],microbial community [PCO:1000004],sea water [ENVO:00002149],32508:f016dd88-3b2f-48a1-b740-b5a51edf1232,32508:f016dd88-3b2f-48a1-b740-b5a51edf1232,2024-03-01T17:51:21,Ocean Sampling Day,18.57,2018-06-21T13:20:00Z/2018-06-21T13:30:00Z,marginal sea biome [ENVO:01000046],microbial community [PCO:1000004],sea water [ENVO:00002149],Illumina MiSeq,54.49,ERC000027,MGYS00006608
ERS5150848,-7.97,SAMEA7392459,37.01,ERS5150848,surface water sample from the Ria Formosa Lagoon,lagoon [ENVO:00000038],microbial community [PCO:1000004],sea water [ENVO:00002149],32476:f016dd88-3b2f-48a1-b740-b5a51edf1232,32476:f016dd88-3b2f-48a1-b740-b5a51edf1232,2024-03-01T17:47:22,Ocean Sampling Day,-7.97,2018-06-21T10:58:00Z/2018-06-21T11:03:00Z,lagoon [ENVO:00000038],microbial community [PCO:1000004],sea water [ENVO:00002149],Illumina MiSeq,37.01,ERC000027,MGYS00006608
ERS5150861,23.26,SAMEA7392472,59.86,ERS5150861,surface water sample from the Baltic Sea,neritic epipelagic zone biome [ENVO:01000042],microbial community [PCO:1000004],sea water [ENVO:00002149],32463:f016dd88-3b2f-48a1-b740-b5a51edf1232,32463:f016dd88-3b2f-48a1-b740-b5a51edf1232,2024-03-01T17:46:34,Ocean Sampling Day,23.26,2018-06-19T09:00:00Z/2018-06-19T09:30:00Z,neritic epipelagic zone biome [ENVO:01000042],microbial community [PCO:1000004],sea water [ENVO:00002149],Illumina MiSeq,59.86,ERC000027,MGYS00006608
