ref_code,batch,sample_type,seq_run_ro_crate_fname,forward_read_fname,backward_read_fname,run_status,version,date_started,who,system_run,output_loc,output_size
EMOBON00084,001,sediment,,DBH_AAANOSDA_1_1_HMNJKDSX3.UDI248_clean.fastq.gz,,COMPLETED,1.0,25/09/2023,CCMAR,REDI,,
EMOBON00085,001,sediment,,DBH_AAAOOSDA_1_1_HMNJKDSX3.UDI260_clean.fastq.gz,,COMPLETED,1.0,02/10/2023,CCMAR,REDI,,7.7
EMOBON00087,001,sediment,DBH_AAAIOSDA_1_HMNJKDSX3.UDI224.zip,DBH_AAAIOSDA_1_1_HMNJKDSX3.UDI224_clean.fastq.gz,DBH_AAAIOSDA_1_2_HMNJKDSX3.UDI224_clean.fastq.gz,COMPLETED,1.0,01/06/2023,HCMR,HCMR-HPC,HCMR-HPC,12.0
EMOBON00094,001,sediment,,DBH_AAACOSDA_1_1_HWLTKDRXY.UDI211_clean.fastq.gz,,COMPLETED,1.0,18/07/2023,CCMAR,REDI,,19.0
EMOBON00095,001,sediment,,DBH_AAAFOSDA_1_1_HMNJKDSX3.UDI283_clean.fastq.gz,,COMPLETED,1.0,11/08/2023,CCMAR,REDI,,9.3
EMOBON00097,001,sediment,,DBH_AAAGOSDA_1_1_HMNJKDSX3.UDI200_clean.fastq.gz,,COMPLETED,1.0,18/08/2023,CCMAR,REDI,,9.8
EMOBON00098,001,sediment,,DBH_AAAHOSDA_1_1_HMNJKDSX3.UDI212_clean.fastq.gz,,COMPLETED,1.0,25/08/2023,CCMAR,REDI,,10.0
EMOBON00099,001,sediment_blank,,,,,,,,,,
EMOBON00001,001,sediment,,DBH_AAAAOSDA_1_1_HWLTKDRXY.UDI235_clean.fastq.gz,,COMPLETED,1.0,30/06/2023,CCMAR,REDI,,13.0
EMOBON00092,001,sediment,,DBH_AAALOSDA_1_1_HMNJKDSX3.UDI236_clean.fastq.gz,,COMPLETED,1.0,31/08/2023,CCMAR,REDI,,11.0
EMOBON00093,001,sediment,,DBH_AAAMOSDA_4_1_HMNJKDSX3.UDI250_clean.fastq.gz,,COMPLETED,1.0,13/09/2023,CCMAR,REDI,,8.1
EMOBON00088,001,sediment,,DBH_AAAPOSDA_1_1_HMNJKDSX3.UDI272_clean.fastq.gz,,COMPLETED,1.0,09/10/2023,CCMAR,REDI,,8.7
EMOBON00089,001,sediment,,DBH_AAAQOSDA_1_1_HMNJKDSX3.UDI284_clean.fastq.gz,,COMPLETED,1.0,16/10/2023,CCMAR,REDI,,
EMOBON00050,001,filters,,DBB_AAAUOSDA_1_1_HMNJKDSX3.UDI230_clean.fastq.gz,DBB_AAAUOSDA_1_2_HMNJKDSX3.UDI230_clean.fastq.gz,COMPLETED,develop (3cf3a7d),2016-12-20,CCMAR,CETA,,
EMOBON00051,001,filters,,DBB_AAAVOSDA_1_1_HMNJKDSX3.UDI242_clean.fastq.gz,DBB_AAAVOSDA_1_2_HMNJKDSX3.UDI242_clean.fastq.gz,COMPLETED,develop (3cf3a7d),2016-12-20,CCMAR,CETA,,
EMOBON00048,001,filters,DBB_AAASOSDA_4_HMGW5DSX3.UDI206.zip,DBB_AAASOSDA_4_1_HMGW5DSX3.UDI206_clean.fastq.gz,DBB_AAASOSDA_4_2_HMGW5DSX3.UDI206_clean.fastq.gz,COMPLETED,1.0,2023-08-02,HCMR,HCMR-HPC,HCMR-HPC,
EMOBON00049,001,filters,DBB_AAATOSDA_4_HMGW5DSX3.UDI218.zip,DBB_AAATOSDA_4_1_HMGW5DSX3.UDI218_clean.fastq.gz,DBB_AAATOSDA_4_2_HMGW5DSX3.UDI218_clean.fastq.gz,COMPLETED,1.0,2023-08-09,HCMR,HCMR-HPC,HCMR-HPC,
EMOBON00054,001,filters,,DBB_AAAYOSDA_1_1_HMNJKDSX3.UDI254_clean.fastq.gz,DBB_AAAYOSDA_1_2_HMNJKDSX3.UDI254_clean.fastq.gz        ,COMPLETED,develop (3cf3a7d),2016-12-20,CCMAR,CETA,,
EMOBON00055,001,filters,,DBB_AAAZOSDA_1_1_HMNJKDSX3.UDI266_clean.fastq.gz,,COMPLETED,develop (3cf3a7d),2016-12-20,CCMAR,CETA,,
EMOBON00053,001,filters,DBB_AAAXOSDA_4_HMGW5DSX3.UDI227.zip,DBB_AAAXOSDA_4_1_HMGW5DSX3.UDI227_clean.fastq.gz,DBB_AAAXOSDA_4_2_HMGW5DSX3.UDI227_clean.fastq.gz,COMPLETED,1.0,2023-08-09,HCMR,HCMR-HPC,HCMR-HPC,
EMOBON00010,001,filters,,DBB_AACVOSDA_1_1_HMNJKDSX3.UDI235_clean.fastq.gz,,COMPLETED,develop (3cf3a7d),2024-11-14,CCMAR,CETA ceta3,,
EMOBON00009,001,filters,,DBB_AACUOSDA_1_1_HMNJKDSX3.UDI223_clean.fastq.gz,,COMPLETED,develop (3cf3a7d),2024-11-25,CCMAR,CETA ceta1,,
EMOBON00007,001,filters,,DBB_AACSOSDA_4_1_HMGW5DSX3.UDI199_clean.fastq.gz,DBB_AACSOSDA_4_2_HMGW5DSX3.UDI199_clean.fastq.gz,COMPLETED,1.0,2023-10-03,HCMR,HCMR-HPC,HCMR-HPC,
EMOBON00008,001,filters,,DBB_AACTOSDA_4_1_HMGW5DSX3.UDI211_clean.fastq.gz,,COMPLETED,1.0,2024-10-09,HCMR,HCMR-HPC,HCMR-HPC,
EMOBON00013,001,filters,,DBB_AACYOSDA_1_1_HMNJKDSX3.UDI271_clean.fastq.gz,,COMPLETED,develop (3cf3a7d),2024-11-13,CCMAR,CETA ceta1,,
EMOBON00014,001,filters,,DBB_AACEOSDA_1_1_HMNJKDSX3.UDI221_clean.fastq.gz,,COMPLETED,develop (3cf3a7d),2024-12-02,CCMAR,CETA ceta4,,
EMOBON00011,001,filters,,DBB_AACWOSDA_4_1_HMGW5DSX3.UDI247_clean.fastq.gz,,COMPLETED,develop (3cf3a7d),2025-01-09,CCMAR,UID,,
EMOBON00012,001,filters,,DBB_AACXOSDA_4_1_HMGW5DSX3.UDI259_clean.fastq.gz,,COMPLETED,develop (3cf3a7d),2025-01-22,CCMAR,UID,,
EMOBON00033,001,filters,,DBB_AACHOSDA_1_1_HMNJKDSX3.UDI257_clean.fastq.gz,,COMPLETED,develop (3cf3a7d),2024-12-02,CCMAR,CETA ceta6,,
EMOBON00034,001,filters,,DBB_AACIOSDA_1_1_HMNJKDSX3.UDI269_clean.fastq.gz,,COMPLETED,develop (3cf3a7d),2024-11-26,CCMAR,CETA ceta-gen,,
EMOBON00031,001,filters,DBB_AACFOSDA_4_HMGW5DSX3.UDI233.zip,DBB_AACFOSDA_4_1_HMGW5DSX3.UDI233_clean.fastq.gz,DBB_AACFOSDA_4_2_HMGW5DSX3.UDI233_clean.fastq.gz,COMPLETED,develop (3cf3a7d),2025-01-06,CCMAR,UID,,
EMOBON00032,001,filters,,DBB_AACGOSDA_4_1_HMGW5DSX3.UDI245_clean.fastq.gz,DBB_AACGOSDA_4_2_HMGW5DSX3.UDI245_clean.fastq.gz,COMPLETED,develop (3cf3a7d),2025-01-06,CCMAR,UID,,
EMOBON00005,001,filters,,DBB_AABEOSDA_1_1_HMNJKDSX3.UDI231_clean.fastq.gz,,COMPLETED,develop (3cf3a7d),2016-12-20,CCMAR,CETA,,
EMOBON00006,001,filters,,DBB_AABFOSDA_4_1_HMNJKDSX3.UDI228_clean.fastq.gz,,COMPLETED,develop (3cf3a7d),2016-12-20,CCMAR,CETA,,
EMOBON00003,001,filters,DBB_AABCOSDA_4_HMGW5DSX3.UDI207.zip,DBB_AABCOSDA_4_1_HMGW5DSX3.UDI207_clean.fastq.gz,DBB_AABCOSDA_4_2_HMGW5DSX3.UDI207_clean.fastq.gz,COMPLETED,1.0,2023-08-14,HCMR,HCMR-HPC,HCMR-HPC,
EMOBON00004,001,filters,DBB_AABDOSDA_4_HMGW5DSX3.UDI219.zip,DBB_AABDOSDA_4_1_HMGW5DSX3.UDI219_clean.fastq.gz,DBB_AABDOSDA_4_2_HMGW5DSX3.UDI219_clean.fastq.gz,COMPLETED,1.0,2023-08-14,HCMR,HCMR-HPC,HCMR-HPC,
EMOBON00071,001,filters,,DBB_AABKOSDA_1_1_HMNJKDSX3.UDI267_clean.fastq.gz ,,COMPLETED,develop (3cf3a7d),2016-12-17,CCMAR,CETA,,
EMOBON00072,001,filters,,DBB_AABLOSDA_1_1_HMNJKDSX3.UDI279_clean.fastq.gz,,COMPLETED,develop (3cf3a7d),2016-12-17,CCMAR,CETA ceta3,,
EMOBON00068,001,filters,DBB_AABIOSDA_4_HMGW5DSX3.UDI238.zip,DBB_AABIOSDA_4_1_HMGW5DSX3.UDI238_clean.fastq.gz,DBB_AABIOSDA_4_2_HMGW5DSX3.UDI238_clean.fastq.gz,COMPLETED,1.0,2023-08-14,HCMR,HCMR-HPC,HCMR-HPC,
EMOBON00079,001,filters_blank,,,,,,,,,,
EMOBON00076,001,filters_blank,,,,,,,,,,
EMOBON00080,001,filters,DBB_AAAMOSDA_4_HMGW5DSX3.UDI241.zip,DBB_AAAMOSDA_4_1_HMGW5DSX3.UDI241_clean.fastq.gz,DBB_AAAMOSDA_4_2_HMGW5DSX3.UDI241_clean.fastq.gz        ,COMPLETED,1.0,2023-06-27,HCMR,HCMR-HPC,HCMR-HPC,
EMOBON00081,001,filters,DBB_AAANOSDA_4_HMGW5DSX3.UDI253.zip,DBB_AAANOSDA_4_1_HMGW5DSX3.UDI253_clean.fastq.gz,DBB_AAANOSDA_4_2_HMGW5DSX3.UDI253_clean.fastq.gz,COMPLETED,1.0,2024-09-01,HCMR,HCMR-HPC,HCMR-HPC,
EMOBON00082,001,filters,DBB_AAAOOSDA_4_HMGW5DSX3.UDI226.zip,DBB_AAAOOSDA_4_1_HMGW5DSX3.UDI226_clean.fastq.gz,DBB_AAAOOSDA_4_2_HMGW5DSX3.UDI226_clean.fastq.gz,COMPLETED,1.0,2023-08-09,HCMR,HCMR-HPC,HCMR-HPC,
EMOBON00083,001,filters,DBB_AAAPOSDA_4_HMGW5DSX3.UDI265.zip,DBB_AAAPOSDA_4_1_HMGW5DSX3.UDI265_clean.fastq.gz,DBB_AAAPOSDA_4_2_HMGW5DSX3.UDI265_clean.fastq.gz,COMPLETED,1.0,2023-07-25,HCMR,HCMR-HPC,HCMR-HPC,
EMOBON00056,001,filters,DBB_AABAOSDA_4_HMGW5DSX3.UDI278.zip,DBB_AABAOSDA_4_1_HMGW5DSX3.UDI278_clean.fastq.gz,DBB_AABAOSDA_4_2_HMGW5DSX3.UDI278_clean.fastq.gz,COMPLETED,1.0,2023-08-09,HCMR,HCMR-HPC,HCMR-HPC,
EMOBON00057,001,filters,DBB_AABBOSDA_4_HMGW5DSX3.UDI195.zip,DBB_AABBOSDA_4_1_HMGW5DSX3.UDI195_clean.fastq.gz,DBB_AABBOSDA_4_2_HMGW5DSX3.UDI195_clean.fastq.gz,COMPLETED,1.0,2023-08-19,HCMR,HCMR-HPC,HCMR-HPC,
EMOBON00065,001,filters,,DBB_AABSOSDA_1_1_HMNJKDSX3.UDI220_clean.fastq.gz,,COMPLETED,develop (3cf3a7d),2016-12-17,CCMAR,CETA ceta1,,
EMOBON00066,001,filters,,DBB_AABTOSDA_1_1_HMNJKDSX3.UDI232_clean.fastq.gz,,COMPLETED,develop (3cf3a7d),2016-12-12,CCMAR,CETA cet-gen,,
EMOBON00067,001,filters_blank,,,,,,,,,,
EMOBON00062,001,filters,DBB_AABMOSDA_4_HMGW5DSX3.UDI196.zip,DBB_AABMOSDA_4_1_HMGW5DSX3.UDI196_clean.fastq.gz,DBB_AABMOSDA_4_2_HMGW5DSX3.UDI196_clean.fastq.gz,COMPLETED,develop (3cf3a7d),2025-01-07,CCMAR,UID,,
EMOBON00063,001,filters,DBB_AABNOSDA_4_HMGW5DSX3.UDI208.zip,DBB_AABNOSDA_4_1_HMGW5DSX3.UDI208_clean.fastq.gz,DBB_AABNOSDA_4_2_HMGW5DSX3.UDI208_clean.fastq.gz,COMPLETED,develop (3cf3a7d),2025-01-07,CCMAR,UID,,
EMOBON00064,001,filters_blank,,,,,,,,,,
EMOBON00046,001,filters,,DBB_AACQOSDA_1_1_HMNJKDSX3.UDI270_clean.fastq.gz,,COMPLETED,develop (3cf3a7d),2024-11-25,CCMAR,CETA ceta-gen,,
EMOBON00047,001,filters,,DBB_AACROSDA_1_1_HMNJKDSX3.UDI282_clean.fastq.gz,,COMPLETED,develop (3cf3a7d),2024-11-25,CCMAR,CETA ceta4,,
EMOBON00045,001,filters,,DBB_AACPOSDA_4_1_HMGW5DSX3.UDI258_clean.fastq.gz,DBB_AACPOSDA_4_2_HMGW5DSX3.UDI258_clean.fastq.gz,COMPLETED,1.0,2024-09-03,HCMR,HCMR-HPC,HCMR-HPC,
EMOBON00037,001,filters,,DBB_AACJOSDA_1_1_HMNJKDSX3.UDI281_clean.fastq.gz,,COMPLETED,develop (3cf3a7d),2024-11-26,CCMAR,CETA ceta2,,
EMOBON00038,001,filters,,DBB_AACKOSDA_1_1_HMNJKDSX3.UDI198_clean.fastq.gz,,COMPLETED,develop (3cf3a7d),2024-11-25,CCMAR,CETA ceta2,,
EMOBON00040,001,filters_blank,,,,,,,,,,
EMOBON00035,001,filters,DBB_AABWOSDA_4_HMGW5DSX3.UDI268.zip,DBB_AABWOSDA_4_1_HMGW5DSX3.UDI268_clean.fastq.gz        ,DBB_AABWOSDA_4_2_HMGW5DSX3.UDI268_clean.fastq.gz        ,COMPLETED,develop (3cf3a7d),2025-01-06,CCMAR,CETA ceta1,,
EMOBON00036,001,filters,DBB_AABXOSDA_4_HMGW5DSX3.UDI280.zip,DBB_AABXOSDA_4_1_HMGW5DSX3.UDI280_clean.fastq.gz,DBB_AABXOSDA_4_2_HMGW5DSX3.UDI280_clean.fastq.gz,COMPLETED,1.0,2023-09-05,HCMR,HCMR-HPC,HCMR-HPC,
EMOBON00039,001,filters_blank,,,,,,,,,,
EMOBON00043,001,filters,,DBB_AACNOSDA_1_1_HMNJKDSX3.UDI234_clean.fastq.gz,,COMPLETED,develop (3cf3a7d),2024-11-25,CCMAR,CETA ceta6,,
EMOBON00044,001,filters,,DBB_AACOOSDA_1_1_HMNJKDSX3.UDI246_clean.fastq.gz,,COMPLETED,develop (3cf3a7d),2024-11-25,CCMAR,CETA ceta-gen,,
EMOBON00041,001,filters,,DBB_AACLOSDA_4_1_HMGW5DSX3.UDI210_clean.fastq.gz,DBB_AACLOSDA_4_2_HMGW5DSX3.UDI210_clean.fastq.gz,COMPLETED,1.0,,HCMR,HCMR-HPC,HCMR-HPC,
EMOBON00042,001,filters,,DBB_AACMOSDA_4_1_HMGW5DSX3.UDI222_clean.fastq.gz,DBB_AACMOSDA_4_2_HMGW5DSX3.UDI222_clean.fastq.gz,COMPLETED,1.0,2023-08-30,HCMR,HCMR-HPC,HCMR-HPC,
EMOBON00015,001,filters,DBB_AAAIOSDA_4_HMGW5DSX3.UDI205.zip,DBB_AAAIOSDA_4_1_HMGW5DSX3.UDI205_clean.fastq.gz,DBB_AAAIOSDA_4_2_HMGW5DSX3.UDI205_clean.fastq.gz,COMPLETED,1.0,2023-11-03,HCMR,HCMR-HPC,HCMR-HPC,
EMOBON00016,001,filters,DBB_AAAJOSDA_4_HMGW5DSX3.UDI217.zip,DBB_AAAJOSDA_4_1_HMGW5DSX3.UDI217_clean.fastq.gz,DBB_AAAJOSDA_4_2_HMGW5DSX3.UDI217_clean.fastq.gz,COMPLETED,1.0,2023-06-27,HCMR,HCMR-HPC,HCMR-HPC,
EMOBON00021,001,filters,DBB_AAAQOSDA_4_HMGW5DSX3.UDI277.zip,DBB_AAAQOSDA_4_1_HMGW5DSX3.UDI277_clean.fastq.gz2,DBB_AAAQOSDA_4_2_HMGW5DSX3.UDI277_clean.fastq.gz,COMPLETED,1.0,2023-08-02,HCMR,HCMR-HPC,HCMR-HPC,
EMOBON00022,001,filters,DBB_AAAROSDA_1_HMNJKDSX3.UDI194.zip,DBB_AAAROSDA_1_1_HMNJKDSX3.UDI194_clean.fastq.gz,DBB_AAAROSDA_1_2_HMNJKDSX3.UDI194_clean.fastq.gz,COMPLETED,1.0,2025-02-01,HCMR,HCMR-HPC,Meluxina,
EMOBON00019,001,filters,DBB_AAALOSDA_4_HMGW5DSX3.UDI229.zip,DBB_AAALOSDA_4_1_HMGW5DSX3.UDI229_clean.fastq.gz,DBB_AAALOSDA_4_2_HMGW5DSX3.UDI229_clean.fastq.gz,COMPLETED,1.0,2023-06-27,HCMR,HCMR-HPC,HCMR-HPC,
EMOBON00020,001,filters,DBB_AAABOSDA_1_HWLTKDRXY.UDI208.zip,DBB_AAABOSDA_1_1_HWLTKDRXY.UDI208_clean.fastq.gz,DBB_AAABOSDA_1_2_HWLTKDRXY.UDI208_clean.fastq.gz,COMPLETED,1.0,2024-02-20,HCMR,HCMR-HPC,HCMR-HPC,
EMOBON00025,001,filters,,DBB_AACCOSDA_1_1_HMNJKDSX3.UDI209_clean.fastq.gz,,COMPLETED,develop (3cf3a7d),2016-12-12,CCMAR,CETA ceta5,,
EMOBON00026,001,filters,DBB_AAACOSDA_1_HWLTKDRXY.UDI209.zip,DBB_AAACOSDA_1_1_HWLTKDRXY.UDI209_clean.fastq.gz,DBB_AAACOSDA_1_2_HWLTKDRXY.UDI209_clean.fastq.gz,COMPLETED,1.0,2023-06-06,HCMR,HCMR-HPC,HCMR-HPC,
EMOBON00023,001,filters,DBB_AACAOSDA_4_HMGW5DSX3.UDI197.zip,DBB_AACAOSDA_4_1_HMGW5DSX3.UDI197_clean.fastq.gz,DBB_AACAOSDA_4_2_HMGW5DSX3.UDI197_clean.fastq.gz,COMPLETED,1.0,2023-09-05,HCMR,HCMR-HPC,HCMR-HPC,
EMOBON00024,001,filters,DBB_AACBOSDA_4_HMGW5DSX3.UDI239.zip,DBB_AACBOSDA_4_1_HMGW5DSX3.UDI239_clean.fastq.gz,DBB_AACBOSDA_4_2_HMGW5DSX3.UDI239_clean.fastq.gz,COMPLETED,1.0,2023-09-20,HCMR,HCMR-HPC,HCMR-HPC,
EMOBON00029,001,filters,,DBB_AABUOSDA_1_1_HMNJKDSX3.UDI244_clean.fastq.gz,,COMPLETED,develop (3cf3a7d),2016-12-12,CCMAR,CETA ceta4,,
EMOBON00030,001,filters,DBB_AABVOSDA_1_HMNJKDSX3.UDI256.zip,DBB_AABVOSDA_1_1_HMNJKDSX3.UDI256_clean.fastq.gz,DBB_AABVOSDA_1_2_HMNJKDSX3.UDI256_clean.fastq.gz,COMPLETED,develop (3cf3a7d),2025-01-09,CCMAR,CETA,,
EMOBON00027,001,filters,DBB_AACDOSDA_4_HMGW5DSX3.UDI240.zip,DBB_AACDOSDA_4_1_HMGW5DSX3.UDI240_clean.fastq.gz,DBB_AACDOSDA_4_2_HMGW5DSX3.UDI240_clean.fastq.gz,COMPLETED,1.0,2023-09-20,HCMR,HCMR-HPC,HCMR-HPC,
EMOBON00028,001,filters,DBB_AAADOSDA_1_HWLTKDRXY.UDI210.zip,DBB_AAADOSDA_1_1_HWLTKDRXY.UDI210_clean.fastq.gz,DBB_AAADOSDA_1_2_HWLTKDRXY.UDI210_clean.fastq.gz,COMPLETED,1.0,2023-06-07,HCMR,HCMR-HPC,HCMR-HPC,
EMOBON00017,001,filters,,,,,,,,,,
EMOBON00018,001,filters,,,,,,,,,,
EMOBON00052,001,filters,,,,,,,,,,
EMOBON00059,001,filters,,,,,,,,,,
EMOBON00060,001,filters,,,,,,,,,,
EMOBON00069,001,filters,,,,,,,,,,
EMOBON00074,001,filters,,,,,,,,,,
EMOBON00075,001,filters,,,,,,,,,,
EMOBON00077,001,filters,,,,,,,,,,
EMOBON00078,001,filters,,,,,,,,,,
EMOBON00086,001,sediment,,,,,,,,,,
EMOBON00090,001,sediment,,,,,,,,,,
EMOBON00091,001,sediment,,,,,,,,,,
EMOBON00140,002,sediment,,DBH_AAASOSDA_1_1_HCFCYDSX5.UDI138_clean.fastq.gz,,COMPLETED,develop (3cf3a7d),17/05/2024,CCMAR,REDI,,12.0
EMOBON00141,002,sediment,,DBH_AAATOSDA_1_1_HCFCYDSX5.UDI124_clean.fastq.gz,,COMPLETED,develop (3cf3a7d),17/05/2024,CCMAR,CETA,,17.0
EMOBON00142,002,sediment,,DBH_AAAUOSDA_1_1_HCFCYDSX5.UDI139_clean.fastq.gz,,COMPLETED,develop (3cf3a7d),03/06/2024,CCMAR,CETA,,17.0
EMOBON00143,002,sediment,,DBH_AAAVOSDA_1_1_HCFCYDSX5.UDI141_clean.fastq.gz,,COMPLETED,develop (3cf3a7d),03/06/2024,CCMAR,CETA,,13.0
EMOBON00236,002,sediment,,DBH_AABEOSDA_1_1_HCFCYDSX5.UDI133_clean.fastq.gz,,COMPLETED,develop (3cf3a7d),17/07/2024,CCMAR,REDI,,28.0
EMOBON00237,002,sediment,,DBH_AABFOSDA_1_1_HCFCYDSX5.UDI134_clean.fastq.gz,,COMPLETED,develop (3cf3a7d),11/06/2024,CCMAR,CETA,,22.0
EMOBON00238,002,sediment,,DBH_AABGOSDA_1_1_HCFCYDSX5.UDI135_clean.fastq.gz,,COMPLETED,develop (3cf3a7d),23/05/2024,CCMAR,REDI,,27.0
EMOBON00239,002,sediment,,DBH_AABHOSDA_1_1_HCFCYDSX5.UDI136_clean.fastq.gz,,COMPLETED,develop (3cf3a7d),03/06/2024,CCMAR,REDI,,20.0
EMOBON00242,002,sediment,,DBH_AABKOSDA_1_1_HCFCYDSX5.UDI140_clean.fastq.gz,,COMPLETED,develop (3cf3a7d),28/06/2024,CCMAR,CETA,,23.0
EMOBON00243,002,sediment,,DBH_AABLOSDA_1_1_HCFCYDSX5.UDI142_clean.fastq.gz,,COMPLETED,develop (3cf3a7d),28/06/2024,CCMAR,CETA,,19.0
EMOBON00224,002,sediment,,DBH_AABAOSDA_1_1_HCFCYDSX5.UDI129_clean.fastq.gz,,COMPLETED,develop (3cf3a7d),12/06/2024,CCMAR,REDI,,18.0
EMOBON00225,002,sediment,,DBH_AABBOSDA_1_1_HCFCYDSX5.UDI130_clean.fastq.gz,,COMPLETED,develop (3cf3a7d),04/06/2024,CCMAR,CETA,,18.0
EMOBON00226,002,sediment,,DBH_AABCOSDA_1_1_HCFCYDSX5.UDI131_clean.fastq.gz,,COMPLETED,develop (3cf3a7d),28/06/2024,CCMAR,REDI,,19.0
EMOBON00227,002,sediment,,DBH_AABDOSDA_1_1_HCFCYDSX5.UDI132_clean.fastq.gz,,COMPLETED,develop (3cf3a7d),28/06/2024,CCMAR,CETA,,21.0
EMOBON00192,002,sediment,,DBH_AAAWOSDA_1_1_HCFCYDSX5.UDI125_clean.fastq.gz,,COMPLETED,develop (3cf3a7d),20/06/2024,CCMAR,CETA,,21.0
EMOBON00193,002,sediment,,DBH_AAAXOSDA_1_1_HCFCYDSX5.UDI126_clean.fastq.gz,,COMPLETED,develop (3cf3a7d),17/05/2024,CCMAR,INCD,,18.0
EMOBON00194,002,sediment,,DBH_AAAYOSDA_1_1_HCFCYDSX5.UDI127_clean.fastq.gz,,COMPLETED,develop (3cf3a7d),03/06/2024,CCMAR,CETA,,23.0
EMOBON00195,002,sediment,,DBH_AAAZOSDA_1_1_HCFCYDSX5.UDI128_clean.fastq.gz,,COMPLETED,develop (3cf3a7d),20/05/2024,CCMAR,CETA,,31.0
EMOBON00164,002,filters,,DBB_AAELOSDA_1_1_HVWGWDSX5.UDI159_clean.fastq.gz,,COMPLETED,develop (3cf3a7d),2024-08-12,CCMAR,CETA ceta5,,15.0
EMOBON00165,002,filters,,DBB_AAEMOSDA_1_1_HVWGWDSX5.UDI171_clean.fastq.gz,,COMPLETED,develop (3cf3a7d),2024-08-05,CCMAR,CETA ceta6,,11.0
EMOBON00162,002,filters,,DBB_AAEJOSDA_2_1_HVWGWDSX5.UDI177_clean.fastq.gz,,COMPLETED,develop (3cf3a7d),2024-08-05,CCMAR,INCD,,10.0
EMOBON00163,002,filters,,DBB_AAEKOSDA_2_1_HVWGWDSX5.UDI214_clean.fastq.gz,,COMPLETED,develop (3cf3a7d),2024-08-06,CCMAR,INCD,,12.0
EMOBON00168,002,filters,,DBB_AAEPOSDA_1_1_HVWGWDSX5.UDI100_clean.fastq.gz,,COMPLETED,develop (3cf3a7d),2024-08-12,CCMAR,INCD,,12.0
EMOBON00169,002,filters,,DBB_AAEQOSDA_1_1_HVWGWDSX5.UDI106_clean.fastq.gz,,COMPLETED,develop (3cf3a7d),2024-08-12,CCMAR,INCD,,12.0
EMOBON00166,002,filters,,DBB_AAENOSDA_2_1_HVWGWDSX5.UDI183_clean.fastq.gz,,COMPLETED,develop (3cf3a7d),2024-08-12,CCMAR,INCD,,11.0
EMOBON00167,002,filters,,DBB_AAEOOSDA_2_1_HVWGWDSX5.UDI189_clean.fastq.gz,,COMPLETED,develop (3cf3a7d),2024-08-12,CCMAR,INCD,,16.0
EMOBON00132,002,filters,,DBB_AADLOSDA_1_1_HVWGWDSX5.UDI169_clean.fastq.gz,,COMPLETED,develop (3cf3a7d),2024-07-08,CCMAR,CETA2,,13.0
EMOBON00133,002,filters,,DBB_AADMOSDA_1_1_HVWGWDSX5.UDI181_clean.fastq.gz,,COMPLETED,develop (3cf3a7d),2024-07-09,CCMAR,CETA5,,15.0
EMOBON00130,002,filters,,DBB_AADJOSDA_2_1_HVWGWDSX5.UDI145_clean.fastq.gz,,COMPLETED,develop (3cf3a7d),2024-07-03,CCMAR,INCD,,12.0
EMOBON00131,002,filters,,DBB_AADKOSDA_2_1_HVWGWDSX5.UDI157_clean.fastq.gz,,COMPLETED,develop (3cf3a7d),2024-07-08,CCMAR,CETA6,,14.0
EMOBON00138,002,filters,,DBB_AADROSDA_1_1_HVWGWDSX5.UDI212_clean.fastq.gz,,COMPLETED,develop (3cf3a7d),2024-07-14,CCMAR,INCD,,16.0
EMOBON00139,002,filters,,DBB_AADSOSDA_1_1_HVWGWDSX5.UDI110_clean.fastq.gz,,COMPLETED,develop (3cf3a7d),2024-07-14,CCMAR,INCD,,15.0
EMOBON00136,002,filters,,DBB_AADPOSDA_2_1_HVWGWDSX5.UDI117_clean.fastq.gz,,COMPLETED,develop (3cf3a7d),2024-07-10,CCMAR,INCD,,14.0
EMOBON00137,002,filters,,DBB_AADQOSDA_2_1_HVWGWDSX5.UDI098_clean.fastq.gz,,COMPLETED,develop (3cf3a7d),2024-07-10,CCMAR,INCD,,11.0
EMOBON00146,002,filters,,DBB_AADVOSDA_1_1_HVWGWDSX5.UDI122_clean.fastq.gz,,COMPLETED,develop (3cf3a7d),2024-07-15,CCMAR,CETA5,,13.0
EMOBON00147,002,filters,,DBB_AADWOSDA_1_1_HVWGWDSX5.UDI134_clean.fastq.gz,,COMPLETED,develop (3cf3a7d),2024-07-19,CCMAR,INCD,,13.0
EMOBON00144,002,filters,,DBB_AADTOSDA_2_1_HVWGWDSX5.UDI129_clean.fastq.gz,,COMPLETED,develop (3cf3a7d),2024-07-15,CCMAR,CETA6,,12.0
EMOBON00145,002,filters,,DBB_AADUOSDA_2_1_HVWGWDSX5.UDI141_clean.fastq.gz,,COMPLETED,develop (3cf3a7d),2024-07-15,CCMAR,CETA ceta-gen,,13.0
EMOBON00150,002,filters,,DBB_AADZOSDA_1_1_HVWGWDSX5.UDI146_clean.fastq.gz,,COMPLETED,develop (3cf3a7d),2024-06-18,CCMAR,CETA2,,16.0
EMOBON00151,002,filters,,DBB_AAEAOSDA_1_1_HVWGWDSX5.UDI158_clean.fastq.gz,,COMPLETED,develop (3cf3a7d),2024-06-18,CCMAR,CETA3,,13.0
EMOBON00148,002,filters,,DBB_AADXOSDA_2_1_HVWGWDSX5.UDI213_clean.fastq.gz,,COMPLETED,develop (3cf3a7d),2024-06-20,CCMAR,INCD,,
EMOBON00149,002,filters,,DBB_AADYOSDA_2_1_HVWGWDSX5.UDI153_clean.fastq.gz,,COMPLETED,develop (3cf3a7d),2024-07-19,CCMAR,INCD,,15.0
EMOBON00199,002,filters,,DBB_AAFSOSDA_1_1_HVWGWDSX5.UDI216_clean.fastq.gz,,COMPLETED,develop (3cf3a7d),2024-09-09,CCMAR,CETA ceta5,,
EMOBON00196,002,filters,,DBB_AAFPOSDA_2_1_HVWGWDSX5.UDI221_clean.fastq.gz,,COMPLETED,develop (3cf3a7d),2024-09-09,CCMAR,CETA ceta2,,
EMOBON00120,002,filters,,DBB_AACZOSDA_1_1_HVWGWDSX5.UDI097_clean.fastq.gz,,COMPLETED,develop (3cf3a7d),2024-06-20,CCMAR,CETA,,15.0
EMOBON00121,002,filters,,DBB_AADAOSDA_1_1_HVWGWDSX5.UDI109_clean.fastq.gz,,COMPLETED,develop (3cf3a7d),2024-06-21,CCMAR,INCD,,14.0
EMOBON00122,002,filters,,DBB_AADBOSDA_2_1_HVWGWDSX5.UDI219_clean.fastq.gz,,COMPLETED,develop (3cf3a7d),2024-06-21,CCMAR,INCD,,7.6
EMOBON00123,002,filters,,DBB_AADCOSDA_2_1_HVWGWDSX5.UDI210_clean.fastq.gz,,COMPLETED,develop (3cf3a7d),2024-06-27,CCMAR,REDI,,
EMOBON00124,002,filters,,DBB_AADDOSDA_1_1_HVWGWDSX5.UDI121_clean.fastq.gz,,COMPLETED,develop (3cf3a7d),2024-06-28,CCMAR,INCD,,14.0
EMOBON00125,002,filters,,DBB_AADEOSDA_1_1_HVWGWDSX5.UDI133_clean.fastq.gz,,COMPLETED,develop (3cf3a7d),2024-07-09,CCMAR,REDI,,17.0
EMOBON00126,002,filters,,DBB_AADFOSDA_2_1_HVWGWDSX5.UDI211_clean.fastq.gz,,COMPLETED,develop (3cf3a7d),2024-07-03,CCMAR,INCD,,10.0
EMOBON00127,002,filters,,DBB_AADGOSDA_2_1_HVWGWDSX5.UDI105_clean.fastq.gz,,COMPLETED,develop (3cf3a7d),2024-07-03,CCMAR,INCD,,9.6
EMOBON00156,002,filters,,DBB_AAEDOSDA_1_1_HVWGWDSX5.UDI099_clean.fastq.gz,,COMPLETED,develop (3cf3a7d),2024-06-17,CCMAR,CETA ceta-gen,,15.0
EMOBON00157,002,filters,,DBB_AAEEOSDA_1_1_HVWGWDSX5.UDI111_clean.fastq.gz,,COMPLETED,develop (3cf3a7d),2024-07-27,CCMAR,INCD,,14.0
EMOBON00154,002,filters,,DBB_AAEBOSDA_2_1_HVWGWDSX5.UDI170_clean.fastq.gz,,COMPLETED,develop (3cf3a7d),2024-08-01,CCMAR,CETA6,,11.0
EMOBON00155,002,filters,,DBB_AAECOSDA_2_1_HVWGWDSX5.UDI182_clean.fastq.gz,,COMPLETED,develop (3cf3a7d),2024-06-17,CCMAR,CETA6,,13.0
EMOBON00160,002,filters,,DBB_AAEHOSDA_1_1_HVWGWDSX5.UDI135_clean.fastq.gz,,COMPLETED,develop (3cf3a7d),2024-08-03,CCMAR,INCD,,15.0
EMOBON00161,002,filters,,DBB_AAEIOSDA_1_1_HVWGWDSX5.UDI147_clean.fastq.gz,,COMPLETED,develop (3cf3a7d),2024-07-31,CCMAR,CETA ceta-gen,,12.0
EMOBON00158,002,filters,,DBB_AAEFOSDA_2_1_HVWGWDSX5.UDI165_clean.fastq.gz,,COMPLETED,develop (3cf3a7d),2024-07-29,CCMAR,INCD,,12.0
EMOBON00159,002,filters,,DBB_AAEGOSDA_2_1_HVWGWDSX5.UDI123_clean.fastq.gz,,COMPLETED,develop (3cf3a7d),2024-08-03,CCMAR,INCD,,12.0
EMOBON00230,002,filters,,DBB_AAGTOSDA_1_1_HVWGWDSX5.UDI139_clean.fastq.gz,,COMPLETED,develop (3cf3a7d),2024-10-21,CCMAR,UID,,
EMOBON00231,002,filters,,DBB_AAGUOSDA_1_1_HVWGWDSX5.UDI151_clean.fastq.gz,,COMPLETED,develop (3cf3a7d),2024-10-21,CCMAR,UID,,
EMOBON00228,002,filters,,DBB_AAGROSDA_2_1_HVWGWDSX5.UDI166_clean.fastq.gz,,COMPLETED,develop (3cf3a7d),2024-10-21,CCMAR,UID,,
EMOBON00229,002,filters,,DBB_AAGSOSDA_2_1_HVWGWDSX5.UDI178_clean.fastq.gz,,COMPLETED,develop (3cf3a7d),2024-10-21,CCMAR,UID,,
EMOBON00234,002,filters,,DBB_AAGXOSDA_1_1_HVWGWDSX5.UDI163_clean.fastq.gz,,COMPLETED,develop (3cf3a7d),2024-10-29,CCMAR,CETA,,
EMOBON00235,002,filters,,DBB_AAGYOSDA_1_1_HVWGWDSX5.UDI175_clean.fastq.gz,,COMPLETED,develop (3cf3a7d),2024-10-29,CCMAR,CETA ceta4,,
EMOBON00232,002,filters,,DBB_AAGVOSDA_2_1_HVWGWDSX5.UDI190_clean.fastq.gz,,COMPLETED,develop (3cf3a7d),2024-10-29,CCMAR,CETA ceta6,,
EMOBON00233,002,filters,,DBB_AAGWOSDA_2_1_HVWGWDSX5.UDI107_clean.fastq.gz,,COMPLETED,develop (3cf3a7d),2024-10-29,CCMAR,CETA ceta-gen,,
EMOBON00245,002,filters,,DBB_AAHAOSDA_1_1_HVWGWDSX5.UDI187_clean.fastq.gz,,COMPLETED,develop (3cf3a7d),2024-10-31,CCMAR,UID,,
EMOBON00247,002,filters,,DBB_AAHCOSDA_1_1_HVWGWDSX5.UDI104_clean.fastq.gz,,COMPLETED,develop (3cf3a7d),2024-11-06,CCMAR,CETA,,
EMOBON00244,002,filters,,DBB_AAGZOSDA_2_1_HVWGWDSX5.UDI119_clean.fastq.gz,,COMPLETED,develop (3cf3a7d),2024-10-31,CCMAR,UID,,
EMOBON00246,002,filters,,DBB_AAHBOSDA_2_1_HVWGWDSX5.UDI131_clean.fastq.gz,,COMPLETED,develop (3cf3a7d),2024-11-06,CCMAR,CETA ceta5,,
EMOBON00249,002,filters,,DBB_AAHEOSDA_1_1_HVWGWDSX5.UDI128_clean.fastq.gz,,COMPLETED,develop (3cf3a7d),2024-11-06,CCMAR,CETA ceta-gen,,
EMOBON00251,002,filters,,DBB_AAHGOSDA_1_1_HVWGWDSX5.UDI152_clean.fastq.gz,,COMPLETED,develop (3cf3a7d),2024-11-08,CCMAR,CETA ceta-gen,,
EMOBON00248,002,filters,,DBB_AAHDOSDA_2_1_H5H2YDSX7.UDI239_clean.fastq.gz,,COMPLETED,develop (3cf3a7d),2024-11-08,CCMAR,CETA ceta1 ,,
EMOBON00250,002,filters,,DBB_AAHFOSDA_2_1_HVWGWDSX5.UDI140_clean.fastq.gz,,COMPLETED,develop (3cf3a7d),2024-11-06,CCMAR,CETA ceta3,,
EMOBON00208,002,filters,,DBB_AAGAOSDA_1_1_HVWGWDSX5.UDI161_clean.fastq.gz,,COMPLETED,develop (3cf3a7d),2024-09-23,CCMAR,CETA ceta4,,
EMOBON00209,002,filters,,DBB_AAGBOSDA_1_1_HVWGWDSX5.UDI173_clean.fastq.gz,,COMPLETED,develop (3cf3a7d),2024-09-23,CCMAR,,,14.0
EMOBON00206,002,filters,,DBB_AAFYOSDA_2_1_HVWGWDSX5.UDI137_clean.fastq.gz,,COMPLETED,develop (3cf3a7d),2024-09-09,CCMAR,CETA ceta-gen,,
EMOBON00207,002,filters,,DBB_AAFZOSDA_2_1_HVWGWDSX5.UDI149_clean.fastq.gz,,COMPLETED,develop (3cf3a7d),2024-09-23,CCMAR,CETA ceta2,,12.0
EMOBON00212,002,filters,,DBB_AAGGOSDA_1_1_HVWGWDSX5.UDI126_clean.fastq.gz,,COMPLETED,develop (3cf3a7d),2024-09-23,CCMAR,,,
EMOBON00213,002,filters,,DBB_AAGHOSDA_1_1_HVWGWDSX5.UDI138_clean.fastq.gz,,COMPLETED,develop (3cf3a7d),2024-10-14,CCMAR,CETA ceta2,,
EMOBON00210,002,filters,,DBB_AAGCOSDA_2_1_HVWGWDSX5.UDI185_clean.fastq.gz,,COMPLETED,develop (3cf3a7d),2024-09-23,CCMAR,CETA ceta1,,
EMOBON00211,002,filters,,DBB_AAGFOSDA_2_1_HVWGWDSX5.UDI114_clean.fastq.gz,,COMPLETED,develop (3cf3a7d),2024-09-23,CCMAR,,,
EMOBON00216,002,filters,,DBB_AAGJOSDA_1_1_HVWGWDSX5.UDI162_clean.fastq.gz,,COMPLETED,develop (3cf3a7d),2024-10-14,CCMAR,CETA ceta6,,
EMOBON00217,002,filters,,DBB_AAGKOSDA_1_1_HVWGWDSX5.UDI174_clean.fastq.gz,,COMPLETED,develop (3cf3a7d),2024-10-14,CCMAR,CETA ceta-gen,,
EMOBON00214,002,filters,,DBB_AAGDOSDA_2_1_HVWGWDSX5.UDI102_clean.fastq.gz,,COMPLETED,develop (3cf3a7d),2024-10-14,CCMAR,CETA ceta1 failed1,,
EMOBON00215,002,filters,,DBB_AAGIOSDA_2_1_HVWGWDSX5.UDI150_clean.fastq.gz,,COMPLETED,develop (3cf3a7d),2024-10-14,CCMAR,CETA ceta4,,
EMOBON00220,002,filters,,DBB_AAGNOSDA_1_1_HVWGWDSX5.UDI115_clean.fastq.gz,,COMPLETED,develop (3cf3a7d),2024-10-21,CCMAR,CETA ceta-gen,,
EMOBON00221,002,filters,,DBB_AAGOOSDA_1_1_HVWGWDSX5.UDI127_clean.fastq.gz,,COMPLETED,develop (3cf3a7d),2024-10-21,CCMAR,CETA ceta2,,
EMOBON00218,002,filters,,DBB_AAGLOSDA_2_1_HVWGWDSX5.UDI186_clean.fastq.gz,,COMPLETED,develop (3cf3a7d),2024-10-21,CCMAR,CETA ceta2,,
EMOBON00219,002,filters,,DBB_AAGMOSDA_2_1_HVWGWDSX5.UDI103_clean.fastq.gz,,COMPLETED,develop (3cf3a7d),2024-10-21,CCMAR,CETA ceta3,,
EMOBON00184,002,filters,,DBB_AAFHOSDA_1_1_HVWGWDSX5.UDI160_clean.fastq.gz,,COMPLETED,develop (3cf3a7d),2024-08-29,CCMAR,CETA ceta2,,15.0
EMOBON00185,002,filters,,DBB_AAFIOSDA_1_1_HVWGWDSX5.UDI172_clean.fastq.gz,,COMPLETED,develop (3cf3a7d),2024-08-29,CCMAR,CETA ceta2,,12.0
EMOBON00182,002,filters,,DBB_AAFFOSDA_2_1_HVWGWDSX5.UDI154_clean.fastq.gz,,COMPLETED,develop (3cf3a7d),2024-08-27,CCMAR,CETA ceta4,,10.0
EMOBON00183,002,filters,,DBB_AAFGOSDA_2_1_HVWGWDSX5.UDI148_clean.fastq.gz,,COMPLETED,develop (3cf3a7d),2024-08-28,CCMAR,CETA ceta6,,11.0
EMOBON00190,002,filters,,DBB_AAFNOSDA_1_1_HVWGWDSX5.UDI113_clean.fastq.gz,,COMPLETED,develop (3cf3a7d),2024-09-09,CCMAR,CETA ceta4,,
EMOBON00191,002,filters,,DBB_AAFOOSDA_1_1_HVWGWDSX5.UDI125_clean.fastq.gz,,COMPLETED,develop (3cf3a7d),2024-09-09,CCMAR,CETA ceta gen,,
EMOBON00188,002,filters,,DBB_AAFLOSDA_2_1_HVWGWDSX5.UDI184_clean.fastq.gz,,COMPLETED,develop (3cf3a7d),2024-09-02,CCMAR,CETA ceta4,,12.0
EMOBON00189,002,filters,,DBB_AAFMOSDA_2_1_HVWGWDSX5.UDI101_clean.fastq.gz,,COMPLETED,develop (3cf3a7d),2024-09-06,CCMAR,CETA ceta2,,
EMOBON00175,002,filters,,DBB_AAEYOSDA_1_1_HVWGWDSX5.UDI118_clean.fastq.gz,,COMPLETED,develop (3cf3a7d),2024-08-12,CCMAR,CETA ceta2,,13.0
EMOBON00176,002,filters,,DBB_AAEZOSDA_1_1_HVWGWDSX5.UDI112_clean.fastq.gz,,COMPLETED,develop (3cf3a7d),2024-08-12,CCMAR,CETA ceta-gen,,16.0
EMOBON00172,002,filters,,DBB_AAETOSDA_2_1_HVWGWDSX5.UDI220_clean.fastq.gz,,COMPLETED,develop (3cf3a7d),2024-08-26,CCMAR,INCD,,8.4
EMOBON00173,002,filters,,DBB_AAEWOSDA_2_1_HVWGWDSX5.UDI215_clean.fastq.gz,,COMPLETED,develop (3cf3a7d),2024-08-26,CCMAR,INCD,,9.8
EMOBON00180,002,filters,,DBB_AAFDOSDA_1_1_HVWGWDSX5.UDI124_clean.fastq.gz,,COMPLETED,develop (3cf3a7d),2024-08-19,CCMAR,CETA ceta5,,11.0
EMOBON00181,002,filters,,DBB_AAFEOSDA_1_1_HVWGWDSX5.UDI136_clean.fastq.gz,,COMPLETED,develop (3cf3a7d),2024-08-22,CCMAR,CETA ceta2,,15.0
EMOBON00178,002,filters,,DBB_AAFBOSDA_2_1_HVWGWDSX5.UDI130_clean.fastq.gz,,COMPLETED,develop (3cf3a7d),2024-08-19,CCMAR,CETA ceta-gen,,12.0
EMOBON00179,002,filters,,DBB_AAFCOSDA_2_1_HVWGWDSX5.UDI142_clean.fastq.gz,,COMPLETED,develop (3cf3a7d),2024-08-19,CCMAR,CETA ceta-gen,,13.0
EMOBON00128,002,filters_blank,,,,,,,,,,
EMOBON00129,002,filters_blank,,,,,,,,,,
EMOBON00134,002,filters_blank,,,,,,,,,,
EMOBON00135,002,filters_blank,,,,,,,,,,
EMOBON00152,002,filters_blank,,,,,,,,,,
EMOBON00153,002,filters_blank,,,,,,,,,,
EMOBON00170,002,filters_blank,,,,,,,,,,
EMOBON00171,002,filters_blank,,,,,,,,,,
EMOBON00174,002,filters_blank,,,,,,,,,,
EMOBON00177,002,filters_blank,,,,,,,,,,
EMOBON00186,002,filters_blank,,,,,,,,,,
EMOBON00187,002,filters_blank,,,,,,,,,,
EMOBON00197,002,filters,,,,,,,,,,
EMOBON00198,002,filters,,,,,,,,,,
EMOBON00200,002,filters_blank,,,,,,,,,,
EMOBON00201,002,filters_blank,,,,,,,,,,
EMOBON00202,002,filters,,,,,,,,,,
EMOBON00203,002,filters,,,,,,,,,,
EMOBON00204,002,filters,,,,,,,,,,
EMOBON00205,002,filters,,,,,,,,,,
EMOBON00222,002,filters_blank,,,,,,,,,,
EMOBON00223,002,filters_blank,,,,,,,,,,
EMOBON00240,002,sediment,,,,,,,,,,
EMOBON00241,002,sediment,,,,,,,,,,
EMOBON00252,002,filters_blank,,,,,,,,,,
EMOBON00253,002,filters_blank,,,,,,,,,,
EMOBON00269,003-0,filters,,,,,,,,,,
EMOBON00270,003-0,filters,,,,,,,,,,
EMOBON00271,003-0,filters,,,,,,,,,,
EMOBON00272,003-0,filters,,,,,,,,,,
EMOBON00273,003-0,filters,,,,,,,,,,
EMOBON00274,003-0,filters,,,,,,,,,,
EMOBON00275,003-0,filters,,,,,,,,,,
EMOBON00276,003-0,filters,,,,,,,,,,
EMOBON00277,003-0,filters,,,,,,,,,,
EMOBON00278,003-0,filters,,,,,,,,,,
EMOBON00279,003-0,filters,,,,,,,,,,
EMOBON00280,003-0,filters,,,,,,,,,,
EMOBON00281,003-0,filters,,,,,,,,,,
EMOBON00282,003-0,filters,,,,,,,,,,
EMOBON00283,003-0,filters,,,,,,,,,,
EMOBON00284,003-0,filters,,,,,,,,,,
EMOBON00291,003-0,filters,,,,,,,,,,
EMOBON00292,003-0,filters,,,,,,,,,,
EMOBON00293,003-0,filters,,,,,,,,,,
EMOBON00294,003-0,filters,,,,,,,,,,
EMOBON00295,003-0,filters,,,,,,,,,,
EMOBON00296,003-0,filters,,,,,,,,,,
EMOBON00297,003-0,filters,,,,,,,,,,
EMOBON00298,003-0,filters,,,,,,,,,,
EMOBON00299,003-0,filters,,,,,,,,,,
EMOBON00300,003-0,filters,,,,,,,,,,
EMOBON00301,003-0,filters,,,,,,,,,,
EMOBON00302,003-0,filters,,,,,,,,,,
EMOBON00303,003-0,filters,,,,,,,,,,
EMOBON00304,003-0,filters,,,,,,,,,,
EMOBON00305,003-0,filters,,,,,,,,,,
EMOBON00306,003-0,filters,,,,,,,,,,
EMOBON00307,003-0,filters,,,,,,,,,,
EMOBON00308,003-0,filters,,,,,,,,,,
EMOBON00309,003-0,filters,,,,,,,,,,
EMOBON00310,003-0,filters,,,,,,,,,,
EMOBON00311,003-0,filters_blank,,,,,,,,,,
EMOBON00312,003-0,filters_blank,,,,,,,,,,
EMOBON00313,003-0,filters,,,,,,,,,,
EMOBON00314,003-0,filters,,,,,,,,,,
EMOBON00315,003-0,filters,,,,,,,,,,
EMOBON00316,003-0,filters,,,,,,,,,,
EMOBON00317,003-0,filters,,,,,,,,,,
EMOBON00318,003-0,filters,,,,,,,,,,
EMOBON00319,003-0,filters,,,,,,,,,,
EMOBON00320,003-0,filters,,,,,,,,,,
EMOBON00321,003-0,filters,,,,,,,,,,
EMOBON00322,003-0,filters,,,,,,,,,,
EMOBON00323,003-0,filters,,,,,,,,,,
EMOBON00324,003-0,filters,,,,,,,,,,
EMOBON00325,003-0,filters,,,,,,,,,,
EMOBON00326,003-0,filters,,,,,,,,,,
EMOBON00327,003-0,filters,,,,,,,,,,
EMOBON00328,003-0,filters,,,,,,,,,,
EMOBON00329,003-0,filters,,,,,,,,,,
EMOBON00330,003-0,filters,,,,,,,,,,
EMOBON00331,003-0,filters,,,,,,,,,,
EMOBON00332,003-0,filters,,,,,,,,,,
EMOBON00333,003-0,filters,,,,,,,,,,
EMOBON00334,003-0,filters,,,,,,,,,,
EMOBON00335,003-0,filters,,,,,,,,,,
EMOBON00336,003-0,filters,,,,,,,,,,
EMOBON00337,003-0,filters,,,,,,,,,,
EMOBON00338,003-0,filters,,,,,,,,,,
EMOBON00339,003-0,filters,,,,,,,,,,
EMOBON00340,003-0,filters,,,,,,,,,,
EMOBON00341,003-0,filters,,,,,,,,,,
EMOBON00342,003-0,filters,,,,,,,,,,
EMOBON00343,003-0,filters,,,,,,,,,,
EMOBON00344,003-0,filters,,,,,,,,,,
EMOBON00345,003-0,filters,,,,,,,,,,
EMOBON00346,003-0,filters,,,,,,,,,,
EMOBON00347,003-0,filters,,,,,,,,,,
EMOBON00348,003-0,filters,,,,,,,,,,
EMOBON00349,003-0,filters,,,,,,,,,,
EMOBON00350,003-0,filters,,,,,,,,,,
EMOBON00351,003-0,filters,,,,,,,,,,
EMOBON00352,003-0,filters,,,,,,,,,,
EMOBON00353,003-0,filters,,,,,,,,,,
EMOBON00354,003-0,filters,,,,,,,,,,
EMOBON00355,003-0,filters,,,,,,,,,,
EMOBON00356,003-0,filters,,,,,,,,,,
EMOBON00357,003-0,filters,,,,,,,,,,
EMOBON00358,003-0,filters,,,,,,,,,,
EMOBON00359,003-0,filters,,,,,,,,,,
EMOBON00360,003-0,filters,,,,,,,,,,
EMOBON00361,003-0,filters,,,,,,,,,,
EMOBON00362,003-0,filters,,,,,,,,,,
EMOBON00363,003-0,filters,,,,,,,,,,
EMOBON00364,003-0,filters,,,,,,,,,,
EMOBON00365,003-0,filters,,,,,,,,,,
EMOBON00366,003-0,filters,,,,,,,,,,
EMOBON00367,003-0,filters,,,,,,,,,,
EMOBON00368,003-0,filters,,,,,,,,,,
EMOBON00375,003-0,filters,,,,,,,,,,
EMOBON00376,003-0,filters,,,,,,,,,,
EMOBON00377,003-0,filters,,,,,,,,,,
EMOBON00378,003-0,filters,,,,,,,,,,
EMOBON00379,003-0,filters,,,,,,,,,,
EMOBON00380,003-0,filters,,,,,,,,,,
EMOBON00381,003-0,filters,,,,,,,,,,
EMOBON00382,003-0,filters,,,,,,,,,,
EMOBON00383,003-0,filters,,,,,,,,,,
EMOBON00384,003-0,filters,,,,,,,,,,
EMOBON00385,003-0,filters,,,,,,,,,,
EMOBON00386,003-0,filters,,,,,,,,,,
EMOBON00387,003-0,filters,,,,,,,,,,
EMOBON00388,003-0,filters,,,,,,,,,,
EMOBON00389,003-0,filters,,,,,,,,,,
EMOBON00390,003-0,filters,,,,,,,,,,
EMOBON00391,003-0,filters,,,,,,,,,,
EMOBON00392,003-0,filters,,,,,,,,,,
EMOBON00393,003-0,filters,,,,,,,,,,
EMOBON00394,003-0,filters,,,,,,,,,,
EMOBON00395,003-0,filters,,,,,,,,,,
EMOBON00396,003-0,filters,,,,,,,,,,
EMOBON00397,003-0,filters,,,,,,,,,,
EMOBON00398,003-0,filters,,,,,,,,,,
EMOBON00399,003-0,filters_blank,,,,,,,,,,
EMOBON00400,003-0,filters_blank,,,,,,,,,,
EMOBON00401,003-0,filters,,,,,,,,,,
EMOBON00402,003-0,filters,,,,,,,,,,
EMOBON00403,003-0,filters,,,,,,,,,,
EMOBON00404,003-0,filters,,,,,,,,,,
EMOBON00405,003-0,filters,,,,,,,,,,
EMOBON00406,003-0,filters,,,,,,,,,,
EMOBON00407,003-0,filters,,,,,,,,,,
EMOBON00408,003-0,filters,,,,,,,,,,
EMOBON00409,003-0,filters,,,,,,,,,,
EMOBON00410,003-0,filters,,,,,,,,,,
EMOBON00411,003-0,filters,,,,,,,,,,
EMOBON00412,003-0,filters,,,,,,,,,,
EMOBON00413,003-0,filters,,,,,,,,,,
EMOBON00414,003-0,filters,,,,,,,,,,
EMOBON00415,003-0,filters,,,,,,,,,,
EMOBON00416,003-0,filters,,,,,,,,,,
EMOBON00417,003-0,filters,,,,,,,,,,
EMOBON00418,003-0,filters,,,,,,,,,,
EMOBON00419,003-0,filters,,,,,,,,,,
EMOBON00420,003-0,filters,,,,,,,,,,
EMOBON00421,003-0,filters,,,,,,,,,,
EMOBON00422,003-0,filters,,,,,,,,,,
EMOBON00423,003-0,filters,,,,,,,,,,
EMOBON00424,003-0,filters,,,,,,,,,,
EMOBON00433,003-0,filters,,,,,,,,,,
EMOBON00434,003-0,filters,,,,,,,,,,
EMOBON00435,003-0,filters,,,,,,,,,,
EMOBON00436,003-0,filters,,,,,,,,,,
EMOBON00437,003-0,filters,,,,,,,,,,
EMOBON00438,003-0,filters,,,,,,,,,,
EMOBON00439,003-0,filters,,,,,,,,,,
EMOBON00440,003-0,filters,,,,,,,,,,
EMOBON00441,003-0,filters,,,,,,,,,,
EMOBON00442,003-0,filters,,,,,,,,,,
EMOBON00443,003-0,filters,,,,,,,,,,
EMOBON00444,003-0,filters,,,,,,,,,,
EMOBON00445,003-0,filters_blank,,,,,,,,,,
EMOBON00446,003-0,filters_blank,,,,,,,,,,
EMOBON00447,003-0,filters,,,,,,,,,,
EMOBON00448,003-0,filters,,,,,,,,,,
EMOBON00449,003-0,filters,,,,,,,,,,
EMOBON00450,003-0,filters,,,,,,,,,,
EMOBON00467,003-0,filters,,,,,,,,,,
EMOBON00468,003-0,filters,,,,,,,,,,
EMOBON00469,003-0,filters,,,,,,,,,,
EMOBON00470,003-0,filters,,,,,,,,,,
EMOBON00471,003-0,filters,,,,,,,,,,
EMOBON00472,003-0,filters,,,,,,,,,,
EMOBON00473,003-0,filters,,,,,,,,,,
EMOBON00474,003-0,filters,,,,,,,,,,
EMOBON00475,003-0,filters,,,,,,,,,,
EMOBON00476,003-0,filters,,,,,,,,,,
EMOBON00477,003-0,filters,,,,,,,,,,
EMOBON00478,003-0,filters,,,,,,,,,,
EMOBON00479,003-0,filters,,,,,,,,,,
EMOBON00480,003-0,filters,,,,,,,,,,
EMOBON00481,003-0,filters,,,,,,,,,,
EMOBON00482,003-0,filters,,,,,,,,,,
EMOBON00483,003-0,filters,,,,,,,,,,
EMOBON00484,003-0,filters,,,,,,,,,,
EMOBON00485,003-0,filters,,,,,,,,,,
EMOBON00486,003-0,filters,,,,,,,,,,
EMOBON00487,003-0,filters,,,,,,,,,,
EMOBON00488,003-0,filters,,,,,,,,,,
EMOBON00489,003-0,filters,,,,,,,,,,
EMOBON00490,003-0,filters,,,,,,,,,,
EMOBON00491,003-0,filters,,,,,,,,,,
EMOBON00492,003-0,filters,,,,,,,,,,
EMOBON00493,003-0,filters,,,,,,,,,,
EMOBON00494,003-0,filters,,,,,,,,,,
EMOBON00495,003-0,filters_blank,,,,,,,,,,
EMOBON00496,003-0,filters_blank,,,,,,,,,,
EMOBON00497,003-0,filters,,,,,,,,,,
EMOBON00498,003-0,filters,,,,,,,,,,
EMOBON00499,003-0,filters,,,,,,,,,,
EMOBON00500,003-0,filters,,,,,,,,,,
EMOBON00501,003-0,filters_blank,,,,,,,,,,
EMOBON00502,003-0,filters_blank,,,,,,,,,,
EMOBON00503,003-0,filters,,,,,,,,,,
EMOBON00504,003-0,filters,,,,,,,,,,
EMOBON00505,003-0,filters,,,,,,,,,,
EMOBON00506,003-0,filters,,,,,,,,,,
EMOBON00507,003-0,filters,,,,,,,,,,
EMOBON00508,003-0,filters,,,,,,,,,,
EMOBON00509,003-0,filters,,,,,,,,,,
EMOBON00510,003-0,filters,,,,,,,,,,
EMOBON00511,003-0,filters,,,,,,,,,,
EMOBON00512,003-0,filters,,,,,,,,,,
EMOBON00513,003-0,filters,,,,,,,,,,
EMOBON00514,003-0,filters,,,,,,,,,,
EMOBON00515,003-0,filters,,,,,,,,,,
EMOBON00516,003-0,filters,,,,,,,,,,
EMOBON00517,003-0,filters,,,,,,,,,,
EMOBON00518,003-0,filters,,,,,,,,,,
EMOBON00519,003-0,filters_blank,,,,,,,,,,
EMOBON00520,003-0,filters_blank,,,,,,,,,,
EMOBON00521,003-0,filters,,,,,,,,,,
EMOBON00522,003-0,filters,,,,,,,,,,
EMOBON00523,003-0,filters,,,,,,,,,,
EMOBON00524,003-0,filters,,,,,,,,,,
EMOBON00525,003-0,filters,,,,,,,,,,
EMOBON00526,003-0,filters,,,,,,,,,,
EMOBON00527,003-0,filters,,,,,,,,,,
EMOBON00528,003-0,filters,,,,,,,,,,
EMOBON00529,003-0,filters,,,,,,,,,,
EMOBON00530,003-0,filters,,,,,,,,,,
EMOBON00531,003-0,filters,,,,,,,,,,
EMOBON00532,003-0,filters,,,,,,,,,,
EMOBON00533,003-0,filters,,,,,,,,,,
EMOBON00534,003-0,filters,,,,,,,,,,
EMOBON00535,003-0,filters,,,,,,,,,,
EMOBON00536,003-0,filters,,,,,,,,,,
EMOBON00537,003-0,filters,,,,,,,,,,
EMOBON00538,003-0,filters,,,,,,,,,,
EMOBON00539,003-0,filters,,,,,,,,,,
EMOBON00540,003-0,filters,,,,,,,,,,
EMOBON00541,003-0,filters,,,,,,,,,,
EMOBON00542,003-0,filters,,,,,,,,,,
EMOBON00543,003-0,filters,,,,,,,,,,
EMOBON00544,003-0,filters,,,,,,,,,,
EMOBON00285,003-0,sediment,,,,,,,,,,
EMOBON00286,003-0,sediment,,,,,,,,,,
EMOBON00287,003-0,sediment,,,,,,,,,,
EMOBON00288,003-0,sediment,,,,,,,,,,
EMOBON00289,003-0,sediment,,,,,,,,,,
EMOBON00290,003-0,sediment,,,,,,,,,,
EMOBON00369,003-0,sediment,,,,,,,,,,
EMOBON00370,003-0,sediment,,,,,,,,,,
EMOBON00371,003-0,sediment,,,,,,,,,,
EMOBON00372,003-0,sediment,,,,,,,,,,
EMOBON00373,003-0,sediment,,,,,,,,,,
EMOBON00374,003-0,sediment,,,,,,,,,,
EMOBON00425,003-0,sediment,,,,,,,,,,
EMOBON00426,003-0,sediment,,,,,,,,,,
EMOBON00427,003-0,sediment,,,,,,,,,,
EMOBON00428,003-0,sediment,,,,,,,,,,
EMOBON00429,003-0,sediment,,,,,,,,,,
EMOBON00430,003-0,sediment,,,,,,,,,,
EMOBON00431,003-0,sediment,,,,,,,,,,
EMOBON00432,003-0,sediment,,,,,,,,,,
EMOBON00451,003-0,sediment,,,,,,,,,,
EMOBON00452,003-0,sediment,,,,,,,,,,
EMOBON00453,003-0,sediment,,,,,,,,,,
EMOBON00454,003-0,sediment,,,,,,,,,,
EMOBON00455,003-0,sediment,,,,,,,,,,
EMOBON00456,003-0,sediment,,,,,,,,,,
EMOBON00457,003-0,sediment,,,,,,,,,,
EMOBON00458,003-0,sediment,,,,,,,,,,
EMOBON00459,003-0,sediment,,,,,,,,,,
EMOBON00460,003-0,sediment,,,,,,,,,,
EMOBON00461,003-0,sediment,,,,,,,,,,
EMOBON00462,003-0,sediment,,,,,,,,,,
EMOBON00463,003-0,sediment,,,,,,,,,,
EMOBON00464,003-0,sediment,,,,,,,,,,
EMOBON00465,003-0,sediment,,,,,,,,,,
EMOBON00466,003-0,sediment,,,,,,,,,,
EMOBON00545,003-0,sediment,,,,,,,,,,
EMOBON00547,003-0,sediment,,,,,,,,,,
EMOBON00548,003-0,sediment,,,,,,,,,,
EMOBON00549,003-0,sediment,,,,,,,,,,
EMOBON00550,003-0,sediment,,,,,,,,,,
EMOBON00551,003-0,sediment,,,,,,,,,,
EMOBON00552,003-0,sediment_blank,,,,,,,,,,
EMOBON00553,003-0,sediment,,,,,,,,,,
EMOBON00554,003-0,sediment,,,,,,,,,,
EMOBON00555,003-0,sediment,,,,,,,,,,
EMOBON00556,003-0,sediment,,,,,,,,,,
EMOBON00557,003-0,sediment,,,,,,,,,,
EMOBON00558,003-0,sediment,,,,,,,,,,
EMOBON00559,003-0,sediment,,,,,,,,,,
EMOBON00560,003-0,sediment,,,,,,,,,,
EMOBON00546,003-0,sediment,,,,,,,,,,
EMOBON00546,003-0,sediment,,,,,,,,,,
EMOBON00254,003-1,sediment,,,,,,,,,,
EMOBON00255,003-1,sediment,,,,,,,,,,
EMOBON00256,003-1,sediment,,,,,,,,,,
EMOBON00257,003-1,sediment,,,,,,,,,,
EMOBON00258,003-1,sediment,,,,,,,,,,
EMOBON00258,003-1,sediment,,,,,,,,,,
EMOBON00259,003-1,sediment,,,,,,,,,,
EMOBON00259,003-1,sediment,,,,,,,,,,
EMOBON00260,003-1,sediment,,,,,,,,,,
EMOBON00260,003-1,sediment,,,,,,,,,,
EMOBON00261,003-1,sediment,,,,,,,,,,
EMOBON00261,003-1,sediment,,,,,,,,,,
EMOBON00262,003-1,sediment,,,,,,,,,,
EMOBON00263,003-1,sediment,,,,,,,,,,
EMOBON00264,003-1,sediment,,,,,,,,,,
EMOBON00265,003-1,sediment,,,,,,,,,,
EMOBON00266,003-1,sediment,,,,,,,,,,
EMOBON00267,003-1,sediment,,,,,,,,,,
EMOBON00268,003-1,sediment,,,,,,,,,,
EMOBON00561,003-2,sediment,,,,,,,,,,
EMOBON00561,003-2,sediment,,,,,,,,,,
EMOBON00562,003-2,sediment,,,,,,,,,,
EMOBON00562,003-2,sediment,,,,,,,,,,
EMOBON00562,003-2,sediment,,,,,,,,,,
EMOBON00563,003-2,sediment,,,,,,,,,,
EMOBON00563,003-2,sediment,,,,,,,,,,
EMOBON00564,003-2,sediment,,,,,,,,,,
EMOBON00564,003-2,sediment,,,,,,,,,,
EMOBON00565,003-2,sediment,,,,,,,,,,
EMOBON00565,003-2,sediment,,,,,,,,,,
EMOBON00566,003-2,sediment,,,,,,,,,,
EMOBON00566,003-2,sediment,,,,,,,,,,
EMOBON00567,003-2,sediment,,,,,,,,,,
EMOBON00567,003-2,sediment,,,,,,,,,,
EMOBON00567,003-2,sediment,,,,,,,,,,
EMOBON00568,003-2,sediment,,,,,,,,,,
EMOBON00568,003-2,sediment,,,,,,,,,,
EMOBON00568,003-2,sediment,,,,,,,,,,
EMOBON00569,003-2,sediment,,,,,,,,,,
EMOBON00569,003-2,sediment,,,,,,,,,,
EMOBON00569,003-2,sediment,,,,,,,,,,
EMOBON00570,003-2,sediment,,,,,,,,,,
EMOBON00570,003-2,sediment,,,,,,,,,,
EMOBON00571,003-2,sediment,,,,,,,,,,
EMOBON00571,003-2,sediment,,,,,,,,,,
EMOBON00572,003-2,sediment,,,,,,,,,,
EMOBON00572,003-2,sediment,,,,,,,,,,
EMOBON00573,003-2,sediment,,,,,,,,,,
EMOBON00573,003-2,sediment,,,,,,,,,,
EMOBON00573,003-2,sediment,,,,,,,,,,
EMOBON00574,003-2,sediment,,,,,,,,,,
EMOBON00574,003-2,sediment,,,,,,,,,,
EMOBON00575,003-2,sediment,,,,,,,,,,
EMOBON00575,003-2,sediment,,,,,,,,,,
EMOBON00576,003-2,sediment,,,,,,,,,,
EMOBON00576,003-2,sediment,,,,,,,,,,
EMOBON00577,003-2,sediment,,,,,,,,,,
EMOBON00577,003-2,sediment,,,,,,,,,,
EMOBON00578,003-2,sediment,,,,,,,,,,
EMOBON00578,003-2,sediment,,,,,,,,,,
EMOBON00579,003-2,sediment,,,,,,,,,,
EMOBON00579,003-2,sediment,,,,,,,,,,
EMOBON00580,003-2,sediment,,,,,,,,,,
EMOBON00580,003-2,sediment,,,,,,,,,,
EMOBON00581,003-2,sediment,,,,,,,,,,
EMOBON00581,003-2,sediment,,,,,,,,,,
EMOBON00582,003-2,sediment,,,,,,,,,,
EMOBON00582,003-2,sediment,,,,,,,,,,
EMOBON00583,003-2,sediment,,,,,,,,,,
EMOBON00583,003-2,sediment,,,,,,,,,,
EMOBON00584,003-2,sediment,,,,,,,,,,
EMOBON00584,003-2,sediment,,,,,,,,,,
EMOBON00584,003-2,sediment,,,,,,,,,,
EMOBON00585,003-2,sediment,,,,,,,,,,
EMOBON00585,003-2,sediment,,,,,,,,,,
EMOBON00586,003-2,sediment,,,,,,,,,,
EMOBON00586,003-2,sediment,,,,,,,,,,
EMOBON00586,003-2,sediment,,,,,,,,,,
EMOBON00587,003-2,sediment,,,,,,,,,,
EMOBON00587,003-2,sediment,,,,,,,,,,
EMOBON00588,003-2,sediment,,,,,,,,,,
EMOBON00588,003-2,sediment,,,,,,,,,,
EMOBON00589,003-2,sediment,,,,,,,,,,
EMOBON00589,003-2,sediment,,,,,,,,,,
EMOBON00590,003-2,sediment,,,,,,,,,,
EMOBON00590,003-2,sediment,,,,,,,,,,
EMOBON00591,003-2,sediment,,,,,,,,,,
EMOBON00591,003-2,sediment,,,,,,,,,,
EMOBON00592,003-2,sediment,,,,,,,,,,
EMOBON00592,003-2,sediment,,,,,,,,,,
EMOBON00593,003-2,sediment,,,,,,,,,,
EMOBON00593,003-2,sediment,,,,,,,,,,
EMOBON00594,003-2,sediment,,,,,,,,,,
EMOBON00594,003-2,sediment,,,,,,,,,,
EMOBON00595,003-2,sediment,,,,,,,,,,
EMOBON00595,003-2,sediment,,,,,,,,,,
EMOBON00596,003-2,sediment,,,,,,,,,,
EMOBON00596,003-2,sediment,,,,,,,,,,
EMOBON00600,003-2,sediment,,,,,,,,,,
EMOBON00600,003-2,sediment,,,,,,,,,,
EMOBON00601,003-2,sediment,,,,,,,,,,
EMOBON00601,003-2,sediment,,,,,,,,,,
EMOBON00602,003-2,sediment,,,,,,,,,,
EMOBON00602,003-2,sediment,,,,,,,,,,
EMOBON00603,003-2,sediment,,,,,,,,,,
EMOBON00603,003-2,sediment,,,,,,,,,,
EMOBON00604,003-2,sediment,,,,,,,,,,
EMOBON00604,003-2,sediment,,,,,,,,,,
EMOBON00605,003-2,sediment,,,,,,,,,,
EMOBON00605,003-2,sediment,,,,,,,,,,
EMOBON00605,003-2,sediment,,,,,,,,,,
EMOBON00606,003-2,sediment,,,,,,,,,,
EMOBON00606,003-2,sediment,,,,,,,,,,
EMOBON00607,003-2,sediment,,,,,,,,,,
EMOBON00607,003-2,sediment,,,,,,,,,,
EMOBON00608,003-2,sediment,,,,,,,,,,
EMOBON00608,003-2,sediment,,,,,,,,,,
EMOBON00608,003-2,sediment,,,,,,,,,,
EMOBON00609,003-2,sediment,,,,,,,,,,
EMOBON00609,003-2,sediment,,,,,,,,,,
EMOBON00610,003-2,sediment,,,,,,,,,,
EMOBON00610,003-2,sediment,,,,,,,,,,
EMOBON00611,003-2,sediment,,,,,,,,,,
EMOBON00611,003-2,sediment,,,,,,,,,,
EMOBON00612,003-2,sediment,,,,,,,,,,
EMOBON00612,003-2,sediment,,,,,,,,,,
EMOBON00613,003-2,sediment,,,,,,,,,,
EMOBON00613,003-2,sediment,,,,,,,,,,
EMOBON00618,003-2,sediment,,,,,,,,,,
EMOBON00618,003-2,sediment,,,,,,,,,,
EMOBON00619,003-2,sediment,,,,,,,,,,
EMOBON00619,003-2,sediment,,,,,,,,,,
EMOBON00620,003-2,sediment,,,,,,,,,,
EMOBON00620,003-2,sediment,,,,,,,,,,
EMOBON00621,003-2,sediment,,,,,,,,,,
EMOBON00621,003-2,sediment,,,,,,,,,,
EMOBON00622,003-2,sediment,,,,,,,,,,
EMOBON00622,003-2,sediment,,,,,,,,,,
EMOBON00623,003-2,sediment,,,,,,,,,,
EMOBON00623,003-2,sediment,,,,,,,,,,
EMOBON00623,003-2,sediment,,,,,,,,,,
EMOBON00624,003-2,sediment,,,,,,,,,,
EMOBON00624,003-2,sediment,,,,,,,,,,
EMOBON00624,003-2,sediment,,,,,,,,,,
EMOBON00625,003-2,sediment,,,,,,,,,,
EMOBON00625,003-2,sediment,,,,,,,,,,
EMOBON00625,003-2,sediment,,,,,,,,,,
EMOBON00626,003-2,sediment,,,,,,,,,,
EMOBON00626,003-2,sediment,,,,,,,,,,
EMOBON00627,003-2,sediment,,,,,,,,,,
EMOBON00627,003-2,sediment,,,,,,,,,,
EMOBON00628,003-2,sediment,,,,,,,,,,
EMOBON00628,003-2,sediment,,,,,,,,,,
EMOBON00629,003-2,sediment,,,,,,,,,,
EMOBON00629,003-2,sediment,,,,,,,,,,
EMOBON00630,003-2,sediment,,,,,,,,,,
EMOBON00630,003-2,sediment,,,,,,,,,,
EMOBON00631,003-2,sediment,,,,,,,,,,
EMOBON00631,003-2,sediment,,,,,,,,,,
EMOBON00632,003-2,sediment,,,,,,,,,,
EMOBON00632,003-2,sediment,,,,,,,,,,
EMOBON00633,003-2,sediment,,,,,,,,,,
EMOBON00633,003-2,sediment,,,,,,,,,,
EMOBON00634,003-2,sediment,,,,,,,,,,
EMOBON00634,003-2,sediment,,,,,,,,,,
EMOBON00635,003-2,sediment,,,,,,,,,,
EMOBON00635,003-2,sediment,,,,,,,,,,
EMOBON00636,003-2,sediment,,,,,,,,,,
EMOBON00636,003-2,sediment,,,,,,,,,,
EMOBON00637,003-2,sediment,,,,,,,,,,
EMOBON00637,003-2,sediment,,,,,,,,,,
EMOBON00638,003-2,sediment,,,,,,,,,,
EMOBON00638,003-2,sediment,,,,,,,,,,
EMOBON00639,003-2,sediment,,,,,,,,,,
EMOBON00639,003-2,sediment,,,,,,,,,,
EMOBON00640,003-2,sediment,,,,,,,,,,
EMOBON00640,003-2,sediment,,,,,,,,,,
EMOBON00641,003-2,sediment,,,,,,,,,,
EMOBON00641,003-2,sediment,,,,,,,,,,
EMOBON00642,003-2,sediment,,,,,,,,,,
EMOBON00642,003-2,sediment,,,,,,,,,,
EMOBON00643,003-2,sediment,,,,,,,,,,
EMOBON00643,003-2,sediment,,,,,,,,,,
EMOBON00644,003-2,sediment,,,,,,,,,,
EMOBON00644,003-2,sediment,,,,,,,,,,
EMOBON00645,003-2,sediment,,,,,,,,,,
EMOBON00645,003-2,sediment,,,,,,,,,,
EMOBON00646,003-2,sediment,,,,,,,,,,
EMOBON00646,003-2,sediment,,,,,,,,,,
EMOBON00647,003-2,sediment,,,,,,,,,,
EMOBON00647,003-2,sediment,,,,,,,,,,
EMOBON00648,003-2,sediment,,,,,,,,,,
EMOBON00648,003-2,sediment,,,,,,,,,,
EMOBON00649,003-2,sediment,,,,,,,,,,
EMOBON00649,003-2,sediment,,,,,,,,,,
EMOBON00650,003-2,sediment,,,,,,,,,,
EMOBON00650,003-2,sediment,,,,,,,,,,
EMOBON00651,003-2,sediment,,,,,,,,,,
EMOBON00651,003-2,sediment,,,,,,,,,,
EMOBON00652,003-2,sediment,,,,,,,,,,
EMOBON00652,003-2,sediment,,,,,,,,,,
EMOBON00653,003-2,sediment,,,,,,,,,,
EMOBON00653,003-2,sediment,,,,,,,,,,
EMOBON00654,003-2,sediment,,,,,,,,,,
EMOBON00654,003-2,sediment,,,,,,,,,,
EMOBON00655,003-2,sediment,,,,,,,,,,
EMOBON00655,003-2,sediment,,,,,,,,,,
EMOBON00656,003-2,sediment,,,,,,,,,,
EMOBON00656,003-2,sediment,,,,,,,,,,
EMOBON00657,003-2,sediment,,,,,,,,,,
EMOBON00657,003-2,sediment,,,,,,,,,,
EMOBON00661,003-2,sediment,,,,,,,,,,
EMOBON00661,003-2,sediment,,,,,,,,,,
EMOBON00662,003-2,sediment,,,,,,,,,,
EMOBON00662,003-2,sediment,,,,,,,,,,
EMOBON00663,003-2,sediment,,,,,,,,,,
EMOBON00663,003-2,sediment,,,,,,,,,,
EMOBON00664,003-2,sediment,,,,,,,,,,
EMOBON00664,003-2,sediment,,,,,,,,,,
EMOBON00665,003-2,sediment,,,,,,,,,,
EMOBON00665,003-2,sediment,,,,,,,,,,
EMOBON00666,003-2,sediment,,,,,,,,,,
EMOBON00666,003-2,sediment,,,,,,,,,,
EMOBON00667,003-2,sediment,,,,,,,,,,
EMOBON00667,003-2,sediment,,,,,,,,,,
EMOBON00668,003-2,sediment,,,,,,,,,,
EMOBON00668,003-2,sediment,,,,,,,,,,
EMOBON00669,003-2,sediment,,,,,,,,,,
EMOBON00669,003-2,sediment,,,,,,,,,,
EMOBON00670,003-2,sediment,,,,,,,,,,
EMOBON00670,003-2,sediment,,,,,,,,,,
EMOBON00671,003-2,sediment,,,,,,,,,,
EMOBON00671,003-2,sediment,,,,,,,,,,
EMOBON00672,003-2,sediment,,,,,,,,,,
EMOBON00672,003-2,sediment,,,,,,,,,,
EMOBON00673,003-2,sediment,,,,,,,,,,
EMOBON00673,003-2,sediment,,,,,,,,,,
EMOBON00674,003-2,sediment,,,,,,,,,,
EMOBON00674,003-2,sediment,,,,,,,,,,
EMOBON00675,003-2,sediment,,,,,,,,,,
EMOBON00675,003-2,sediment,,,,,,,,,,
EMOBON00676,003-2,sediment,,,,,,,,,,
EMOBON00676,003-2,sediment,,,,,,,,,,
EMOBON00677,003-2,sediment,,,,,,,,,,
EMOBON00677,003-2,sediment,,,,,,,,,,
EMOBON00678,003-2,sediment,,,,,,,,,,
EMOBON00678,003-2,sediment,,,,,,,,,,
EMOBON00678,003-2,sediment,,,,,,,,,,
EMOBON00679,003-2,sediment,,,,,,,,,,
EMOBON00679,003-2,sediment,,,,,,,,,,
EMOBON00680,003-2,sediment,,,,,,,,,,
EMOBON00680,003-2,sediment,,,,,,,,,,
EMOBON00681,003-2,sediment,,,,,,,,,,
EMOBON00681,003-2,sediment,,,,,,,,,,
EMOBON00682,003-2,sediment,,,,,,,,,,
EMOBON00682,003-2,sediment,,,,,,,,,,
EMOBON00683,003-2,sediment,,,,,,,,,,
EMOBON00683,003-2,sediment,,,,,,,,,,
EMOBON00684,003-2,sediment,,,,,,,,,,
EMOBON00684,003-2,sediment,,,,,,,,,,
EMOBON00685,003-2,sediment,,,,,,,,,,
EMOBON00685,003-2,sediment,,,,,,,,,,
EMOBON00686,003-2,sediment,,,,,,,,,,
EMOBON00686,003-2,sediment,,,,,,,,,,
EMOBON00687,003-2,sediment,,,,,,,,,,
EMOBON00687,003-2,sediment,,,,,,,,,,
EMOBON00688,003-2,sediment,,,,,,,,,,
EMOBON00688,003-2,sediment,,,,,,,,,,
EMOBON00689,003-2,sediment,,,,,,,,,,
EMOBON00689,003-2,sediment,,,,,,,,,,
EMOBON00690,003-2,sediment,,,,,,,,,,
EMOBON00690,003-2,sediment,,,,,,,,,,
EMOBON00691,003-2,sediment,,,,,,,,,,
EMOBON00691,003-2,sediment,,,,,,,,,,
EMOBON00692,003-2,sediment,,,,,,,,,,
EMOBON00692,003-2,sediment,,,,,,,,,,
EMOBON00693,003-2,sediment,,,,,,,,,,
EMOBON00693,003-2,sediment,,,,,,,,,,
EMOBON00694,003-2,sediment,,,,,,,,,,
EMOBON00694,003-2,sediment,,,,,,,,,,
EMOBON00695,003-2,sediment,,,,,,,,,,
EMOBON00695,003-2,sediment,,,,,,,,,,
EMOBON00695,003-2,sediment,,,,,,,,,,
EMOBON00696,003-2,sediment,,,,,,,,,,
EMOBON00696,003-2,sediment,,,,,,,,,,
EMOBON00696,003-2,sediment,,,,,,,,,,
EMOBON00697,003-2,sediment,,,,,,,,,,
EMOBON00697,003-2,sediment,,,,,,,,,,
EMOBON00698,003-2,sediment,,,,,,,,,,
EMOBON00698,003-2,sediment,,,,,,,,,,
EMOBON00699,003-2,sediment,,,,,,,,,,
EMOBON00699,003-2,sediment,,,,,,,,,,
EMOBON00700,003-2,sediment,,,,,,,,,,
EMOBON00700,003-2,sediment,,,,,,,,,,
EMOBON00701,003-2,sediment,,,,,,,,,,
EMOBON00701,003-2,sediment,,,,,,,,,,
EMOBON00702,003-2,sediment,,,,,,,,,,
EMOBON00702,003-2,sediment,,,,,,,,,,
EMOBON00703,003-2,sediment,,,,,,,,,,
EMOBON00703,003-2,sediment,,,,,,,,,,
EMOBON00704,003-2,sediment,,,,,,,,,,
EMOBON00704,003-2,sediment,,,,,,,,,,
EMOBON00705,003-2,sediment,,,,,,,,,,
EMOBON00705,003-2,sediment,,,,,,,,,,
EMOBON00706,003-2,sediment,,,,,,,,,,
EMOBON00706,003-2,sediment,,,,,,,,,,
EMOBON00707,003-2,sediment,,,,,,,,,,
EMOBON00707,003-2,sediment,,,,,,,,,,
EMOBON00708,003-2,sediment_blank,,,,,,,,,,
EMOBON00708,003-2,sediment_blank,,,,,,,,,,
EMOBON00713,003-2,sediment,,,,,,,,,,
EMOBON00713,003-2,sediment,,,,,,,,,,
EMOBON00714,003-2,sediment,,,,,,,,,,
EMOBON00714,003-2,sediment,,,,,,,,,,
EMOBON00715,003-2,sediment,,,,,,,,,,
EMOBON00715,003-2,sediment,,,,,,,,,,
EMOBON00716,003-2,sediment,,,,,,,,,,
EMOBON00716,003-2,sediment,,,,,,,,,,
EMOBON00717,003-2,sediment,,,,,,,,,,
EMOBON00717,003-2,sediment,,,,,,,,,,
EMOBON00718,003-2,sediment,,,,,,,,,,
EMOBON00718,003-2,sediment,,,,,,,,,,
EMOBON00719,003-2,sediment,,,,,,,,,,
EMOBON00719,003-2,sediment,,,,,,,,,,
EMOBON00720,003-2,sediment,,,,,,,,,,
EMOBON00720,003-2,sediment,,,,,,,,,,
EMOBON00721,003-2,sediment,,,,,,,,,,
EMOBON00721,003-2,sediment,,,,,,,,,,
EMOBON00722,003-2,sediment,,,,,,,,,,
EMOBON00722,003-2,sediment,,,,,,,,,,
EMOBON00723,003-2,sediment,,,,,,,,,,
EMOBON00723,003-2,sediment,,,,,,,,,,
EMOBON00724,003-2,sediment,,,,,,,,,,
EMOBON00724,003-2,sediment,,,,,,,,,,
EMOBON00725,003-2,sediment,,,,,,,,,,
EMOBON00725,003-2,sediment,,,,,,,,,,
EMOBON00726,003-2,sediment,,,,,,,,,,
EMOBON00726,003-2,sediment,,,,,,,,,,
EMOBON00727,003-2,sediment,,,,,,,,,,
EMOBON00727,003-2,sediment,,,,,,,,,,
EMOBON00728,003-2,sediment,,,,,,,,,,
EMOBON00728,003-2,sediment,,,,,,,,,,
EMOBON00729,003-2,sediment,,,,,,,,,,
EMOBON00729,003-2,sediment,,,,,,,,,,
EMOBON00730,003-2,sediment,,,,,,,,,,
EMOBON00730,003-2,sediment,,,,,,,,,,
EMOBON00731,003-2,sediment_blank,,,,,,,,,,
EMOBON00731,003-2,sediment_blank,,,,,,,,,,
EMOBON00732,003-2,sediment,,,,,,,,,,
EMOBON00732,003-2,sediment,,,,,,,,,,
EMOBON00733,003-2,sediment,,,,,,,,,,
EMOBON00733,003-2,sediment,,,,,,,,,,
EMOBON00734,003-2,sediment,,,,,,,,,,
EMOBON00734,003-2,sediment,,,,,,,,,,
EMOBON00735,003-2,sediment,,,,,,,,,,
EMOBON00735,003-2,sediment,,,,,,,,,,
EMOBON00736,003-2,sediment,,,,,,,,,,
EMOBON00736,003-2,sediment,,,,,,,,,,
EMOBON00737,003-2,sediment,,,,,,,,,,
EMOBON00737,003-2,sediment,,,,,,,,,,
EMOBON00738,003-2,sediment_blank,,,,,,,,,,
EMOBON00738,003-2,sediment_blank,,,,,,,,,,
EMOBON00739,003-2,sediment,,,,,,,,,,
EMOBON00739,003-2,sediment,,,,,,,,,,
EMOBON00740,003-2,sediment,,,,,,,,,,
EMOBON00740,003-2,sediment,,,,,,,,,,
EMOBON00741,003-2,sediment,,,,,,,,,,
EMOBON00741,003-2,sediment,,,,,,,,,,
EMOBON00742,003-2,sediment,,,,,,,,,,
EMOBON00742,003-2,sediment,,,,,,,,,,
EMOBON00743,003-2,sediment,,,,,,,,,,
EMOBON00743,003-2,sediment,,,,,,,,,,
EMOBON00744,003-2,sediment,,,,,,,,,,
EMOBON00744,003-2,sediment,,,,,,,,,,
EMOBON00745,003-2,sediment,,,,,,,,,,
EMOBON00745,003-2,sediment,,,,,,,,,,
EMOBON00746,003-2,sediment,,,,,,,,,,
EMOBON00746,003-2,sediment,,,,,,,,,,
EMOBON00747,003-2,sediment,,,,,,,,,,
EMOBON00747,003-2,sediment,,,,,,,,,,
EMOBON00747,003-2,sediment,,,,,,,,,,
EMOBON00747,003-2,sediment,,,,,,,,,,
EMOBON00748,003-2,sediment,,,,,,,,,,
EMOBON00748,003-2,sediment,,,,,,,,,,
EMOBON00749,003-2,sediment,,,,,,,,,,
EMOBON00749,003-2,sediment,,,,,,,,,,
EMOBON00750,003-2,sediment,,,,,,,,,,
EMOBON00750,003-2,sediment,,,,,,,,,,
EMOBON00751,003-2,sediment,,,,,,,,,,
EMOBON00751,003-2,sediment,,,,,,,,,,
EMOBON00752,003-2,sediment,,,,,,,,,,
EMOBON00752,003-2,sediment,,,,,,,,,,
EMOBON00753,003-2,sediment,,,,,,,,,,
EMOBON00753,003-2,sediment,,,,,,,,,,
EMOBON00754,003-2,sediment,,,,,,,,,,
EMOBON00754,003-2,sediment,,,,,,,,,,
EMOBON00755,003-2,sediment,,,,,,,,,,
EMOBON00755,003-2,sediment,,,,,,,,,,
EMOBON00755,003-2,sediment,,,,,,,,,,
EMOBON00756,003-2,sediment,,,,,,,,,,
EMOBON00756,003-2,sediment,,,,,,,,,,
EMOBON00757,003-2,sediment,,,,,,,,,,
EMOBON00757,003-2,sediment,,,,,,,,,,
EMOBON00758,003-2,sediment,,,,,,,,,,
EMOBON00758,003-2,sediment,,,,,,,,,,
EMOBON00758,003-2,sediment,,,,,,,,,,
EMOBON00759,003-2,sediment,,,,,,,,,,
EMOBON00759,003-2,sediment,,,,,,,,,,
EMOBON00759,003-2,sediment,,,,,,,,,,
EMOBON00760,003-2,sediment,,,,,,,,,,
EMOBON00760,003-2,sediment,,,,,,,,,,
EMOBON00761,003-2,sediment,,,,,,,,,,
EMOBON00761,003-2,sediment,,,,,,,,,,
EMOBON00762,003-2,sediment,,,,,,,,,,
EMOBON00762,003-2,sediment,,,,,,,,,,
EMOBON00763,003-2,sediment,,,,,,,,,,
EMOBON00763,003-2,sediment,,,,,,,,,,
EMOBON00764,003-2,sediment,,,,,,,,,,
EMOBON00764,003-2,sediment,,,,,,,,,,
EMOBON00765,003-2,sediment,,,,,,,,,,
EMOBON00765,003-2,sediment,,,,,,,,,,
EMOBON00766,003-2,sediment,,,,,,,,,,
EMOBON00766,003-2,sediment,,,,,,,,,,
EMOBON00767,003-2,sediment,,,,,,,,,,
EMOBON00767,003-2,sediment,,,,,,,,,,
EMOBON00768,003-2,sediment,,,,,,,,,,
EMOBON00768,003-2,sediment,,,,,,,,,,
EMOBON00769,003-2,sediment,,,,,,,,,,
EMOBON00769,003-2,sediment,,,,,,,,,,
EMOBON00770,003-2,sediment,,,,,,,,,,
EMOBON00770,003-2,sediment,,,,,,,,,,
EMOBON00771,003-2,sediment,,,,,,,,,,
EMOBON00771,003-2,sediment,,,,,,,,,,
EMOBON00771,003-2,sediment,,,,,,,,,,
EMOBON00772,003-2,sediment,,,,,,,,,,
EMOBON00772,003-2,sediment,,,,,,,,,,
EMOBON00773,003-2,sediment,,,,,,,,,,
EMOBON00773,003-2,sediment,,,,,,,,,,
EMOBON00774,003-2,sediment,,,,,,,,,,
EMOBON00774,003-2,sediment,,,,,,,,,,
EMOBON00775,003-2,sediment,,,,,,,,,,
EMOBON00775,003-2,sediment,,,,,,,,,,
EMOBON00776,003-2,sediment,,,,,,,,,,
EMOBON00776,003-2,sediment,,,,,,,,,,
EMOBON00777,003-2,sediment,,,,,,,,,,
EMOBON00777,003-2,sediment,,,,,,,,,,
EMOBON00778,003-2,sediment,,,,,,,,,,
EMOBON00778,003-2,sediment,,,,,,,,,,
EMOBON00779,003-2,sediment,,,,,,,,,,
EMOBON00779,003-2,sediment,,,,,,,,,,
EMOBON00780,003-2,sediment,,,,,,,,,,
EMOBON00780,003-2,sediment,,,,,,,,,,
EMOBON00781,003-2,sediment,,,,,,,,,,
EMOBON00781,003-2,sediment,,,,,,,,,,
EMOBON00782,003-2,sediment,,,,,,,,,,
EMOBON00782,003-2,sediment,,,,,,,,,,
EMOBON00782,003-2,sediment,,,,,,,,,,
EMOBON00783,003-2,sediment,,,,,,,,,,
EMOBON00783,003-2,sediment,,,,,,,,,,
EMOBON00784,003-2,sediment,,,,,,,,,,
EMOBON00784,003-2,sediment,,,,,,,,,,
EMOBON00784,003-2,sediment,,,,,,,,,,
EMOBON00785,003-2,sediment,,,,,,,,,,
EMOBON00785,003-2,sediment,,,,,,,,,,
EMOBON00785,003-2,sediment,,,,,,,,,,
EMOBON00786,003-2,sediment,,,,,,,,,,
EMOBON00786,003-2,sediment,,,,,,,,,,
EMOBON00787,003-2,sediment,,,,,,,,,,
EMOBON00787,003-2,sediment,,,,,,,,,,
EMOBON00788,003-2,sediment,,,,,,,,,,
EMOBON00788,003-2,sediment,,,,,,,,,,
EMOBON00788,003-2,sediment,,,,,,,,,,
EMOBON00789,003-2,sediment,,,,,,,,,,
EMOBON00789,003-2,sediment,,,,,,,,,,
EMOBON00790,003-2,sediment,,,,,,,,,,
EMOBON00790,003-2,sediment,,,,,,,,,,
EMOBON00791,003-2,sediment,,,,,,,,,,
EMOBON00791,003-2,sediment,,,,,,,,,,
EMOBON00792,003-2,sediment,,,,,,,,,,
EMOBON00792,003-2,sediment,,,,,,,,,,
EMOBON00793,003-2,sediment,,,,,,,,,,
EMOBON00793,003-2,sediment,,,,,,,,,,
EMOBON00794,003-2,sediment,,,,,,,,,,
EMOBON00794,003-2,sediment,,,,,,,,,,
EMOBON00796,003-2,sediment,,,,,,,,,,
EMOBON00796,003-2,sediment,,,,,,,,,,
EMOBON00797,003-2,sediment,,,,,,,,,,
EMOBON00797,003-2,sediment,,,,,,,,,,
EMOBON00798,003-2,sediment,,,,,,,,,,
EMOBON00798,003-2,sediment,,,,,,,,,,
EMOBON00799,003-2,sediment,,,,,,,,,,
EMOBON00799,003-2,sediment,,,,,,,,,,
EMOBON00800,003-2,sediment,,,,,,,,,,
EMOBON00800,003-2,sediment,,,,,,,,,,
EMOBON00801,003-2,sediment,,,,,,,,,,
EMOBON00801,003-2,sediment,,,,,,,,,,
EMOBON00802,003-2,sediment,,,,,,,,,,
EMOBON00802,003-2,sediment,,,,,,,,,,
EMOBON00803,003-2,sediment,,,,,,,,,,
EMOBON00803,003-2,sediment,,,,,,,,,,
EMOBON00804,003-2,sediment,,,,,,,,,,
EMOBON00804,003-2,sediment,,,,,,,,,,
EMOBON00805,003-2,sediment,,,,,,,,,,
EMOBON00805,003-2,sediment,,,,,,,,,,
EMOBON00806,003-2,sediment,,,,,,,,,,
EMOBON00806,003-2,sediment,,,,,,,,,,
EMOBON00807,003-2,sediment,,,,,,,,,,
EMOBON00807,003-2,sediment,,,,,,,,,,
EMOBON00808,003-2,sediment,,,,,,,,,,
EMOBON00808,003-2,sediment,,,,,,,,,,
EMOBON00809,003-2,sediment,,,,,,,,,,
EMOBON00809,003-2,sediment,,,,,,,,,,
EMOBON00810,003-2,sediment,,,,,,,,,,
EMOBON00810,003-2,sediment,,,,,,,,,,
EMOBON00811,003-2,sediment,,,,,,,,,,
EMOBON00811,003-2,sediment,,,,,,,,,,
EMOBON00812,003-2,sediment,,,,,,,,,,
EMOBON00812,003-2,sediment,,,,,,,,,,
EMOBON00813,003-2,sediment,,,,,,,,,,
EMOBON00813,003-2,sediment,,,,,,,,,,
EMOBON00814,003-2,sediment,,,,,,,,,,
EMOBON00814,003-2,sediment,,,,,,,,,,
EMOBON00815,003-2,sediment,,,,,,,,,,
EMOBON00815,003-2,sediment,,,,,,,,,,
EMOBON00816,003-2,sediment,,,,,,,,,,
EMOBON00816,003-2,sediment,,,,,,,,,,
EMOBON00817,003-2,sediment,,,,,,,,,,
EMOBON00817,003-2,sediment,,,,,,,,,,
EMOBON00818,003-2,sediment,,,,,,,,,,
EMOBON00818,003-2,sediment,,,,,,,,,,
EMOBON00819,003-2,sediment,,,,,,,,,,
EMOBON00819,003-2,sediment,,,,,,,,,,
EMOBON00548,003-2,sediment,,,,,,,,,,
EMOBON00549,003-2,sediment,,,,,,,,,,
EMOBON00550,003-2,sediment,,,,,,,,,,
EMOBON00551,003-2,sediment,,,,,,,,,,
EMOBON00553,003-2,sediment,,,,,,,,,,
EMOBON00554,003-2,sediment,,,,,,,,,,
EMOBON00555,003-2,sediment,,,,,,,,,,
EMOBON00556,003-2,sediment,,,,,,,,,,
EMOBON00552,003-2,sediment_blank,,,,,,,,,,
EMOBON00557,003-2,sediment,,,,,,,,,,
EMOBON00558,003-2,sediment,,,,,,,,,,
EMOBON00560,003-2,sediment,,,,,,,,,,
EMOBON00559,003-2,sediment,,,,,,,,,,
EMOBON00548,003-2,sediment,,,,,,,,,,
EMOBON00549,003-2,sediment,,,,,,,,,,
EMOBON00550,003-2,sediment,,,,,,,,,,
EMOBON00551,003-2,sediment,,,,,,,,,,
EMOBON00553,003-2,sediment,,,,,,,,,,
EMOBON00554,003-2,sediment,,,,,,,,,,
EMOBON00555,003-2,sediment,,,,,,,,,,
EMOBON00556,003-2,sediment,,,,,,,,,,
EMOBON00552,003-2,sediment_blank,,,,,,,,,,
EMOBON00557,003-2,sediment,,,,,,,,,,
EMOBON00558,003-2,sediment,,,,,,,,,,
EMOBON00560,003-2,sediment,,,,,,,,,,
EMOBON00559,003-2,sediment,,,,,,,,,,
EMOBON00597,003-2,sediment,,,,,,,,,,
EMOBON00597,003-2,sediment,,,,,,,,,,
EMOBON00598,003-2,sediment,,,,,,,,,,
EMOBON00598,003-2,sediment,,,,,,,,,,
EMOBON00599,003-2,sediment,,,,,,,,,,
EMOBON00599,003-2,sediment,,,,,,,,,,
EMOBON00599,003-2,sediment,,,,,,,,,,
EMOBON00614,003-2,sediment,,,,,,,,,,
EMOBON00614,003-2,sediment,,,,,,,,,,
EMOBON00615,003-2,sediment,,,,,,,,,,
EMOBON00615,003-2,sediment,,,,,,,,,,
EMOBON00616,003-2,sediment,,,,,,,,,,
EMOBON00616,003-2,sediment,,,,,,,,,,
EMOBON00617,003-2,sediment,,,,,,,,,,
EMOBON00617,003-2,sediment,,,,,,,,,,
EMOBON00658,003-2,sediment,,,,,,,,,,
EMOBON00658,003-2,sediment,,,,,,,,,,
EMOBON00659,003-2,sediment,,,,,,,,,,
EMOBON00659,003-2,sediment,,,,,,,,,,
EMOBON00660,003-2,sediment,,,,,,,,,,
EMOBON00660,003-2,sediment,,,,,,,,,,
EMOBON00709,003-2,sediment,,,,,,,,,,
EMOBON00709,003-2,sediment,,,,,,,,,,
EMOBON00710,003-2,sediment,,,,,,,,,,
EMOBON00710,003-2,sediment,,,,,,,,,,
EMOBON00711,003-2,sediment,,,,,,,,,,
EMOBON00711,003-2,sediment,,,,,,,,,,
EMOBON00712,003-2,sediment,,,,,,,,,,
EMOBON00712,003-2,sediment,,,,,,,,,,
EMOBON00545,003-2,sediment,,,,,,,,,,
EMOBON00547,003-2,sediment,,,,,,,,,,
EMOBON00545,003-2,sediment,,,,,,,,,,
EMOBON00547,003-2,sediment,,,,,,,,,,
